-1.046237722039222717e-01,-8.181060850620269775e-02,-2.200988680124282837e-02,-1.554796695709228516e-01,-1.030705869197845459e-02,5.437484011054039001e-02,-4.262628033757209778e-02,1.270482838153839111e-01,6.304113566875457764e-02,-5.748551711440086365e-02
2.012392878532409668e-01,-2.169908955693244934e-02,3.110825084149837494e-02,-1.185734383761882782e-02,2.129551768302917480e-02,1.202330440282821655e-01,3.871879354119300842e-02,-1.667521893978118896e-01,-3.737570345401763916e-02,2.636904828250408173e-02
1.227363124489784241e-01,-6.515026092529296875e-02,-1.106993877328932285e-03,9.800007939338684082e-02,-2.556397952139377594e-02,-9.295664727687835693e-02,-7.354364544153213501e-02,8.088536560535430908e-02,-5.022455751895904541e-02,-4.270926117897033691e-02
-9.978280216455459595e-02,2.457662113010883331e-02,1.331029087305068970e-02,-4.195729270577430725e-03,7.324628531932830811e-02,2.767792344093322754e-02,-3.511086851358413696e-02,-2.961262315511703491e-02,4.710979759693145752e-02,1.143441870808601379e-01
-1.021789200603961945e-02,-9.768710285425186157e-02,1.542125195264816284e-01,3.318415256217122078e-03,1.703019738197326660e-01,9.908917546272277832e-02,1.368536800146102905e-01,1.282343715429306030e-01,3.105604648590087891e-02,7.987449318170547485e-02
3.697116672992706299e-02,8.649773150682449341e-02,-3.933460265398025513e-02,3.170883283019065857e-02,8.779022097587585449e-02,-1.382717341184616089e-01,9.865701943635940552e-02,-1.357075721025466919e-01,-4.410330578684806824e-02,-1.395968049764633179e-01
8.848637342453002930e-03,7.137867063283920288e-02,-8.154273778200149536e-02,1.863946169614791870e-01,1.412321999669075012e-02,-7.569941878318786621e-02,6.797058135271072388e-02,-9.669607132673263550e-02,-2.154295146465301514e-02,-1.956033855676651001e-01
-5.930795520544052124e-02,-2.428895421326160431e-02,-4.136807098984718323e-02,4.044628515839576721e-02,1.027639657258987427e-01,4.874024540185928345e-03,-8.610202372074127197e-02,8.582394570112228394e-02,-5.600545555353164673e-02,-1.663832217454910278e-01
-5.466236919164657593e-02,-1.174547895789146423e-02,1.501498967409133911e-01,2.759178541600704193e-02,1.028934866189956665e-01,-3.875374561175704002e-03,-7.063004374504089355e-02,-4.773318395018577576e-02,1.320268958806991577e-01,-6.687272340059280396e-02
-1.552198976278305054e-01,-7.195686548948287964e-02,8.003935217857360840e-02,1.660973876714706421e-01,-3.436106070876121521e-02,-1.059358417987823486e-01,5.570773407816886902e-02,4.709928296506404877e-03,-1.179176103323698044e-02,-3.517068549990653992e-02
8.639071136713027954e-03,-1.293523162603378296e-01,1.550751328468322754e-01,5.323364958167076111e-02,-2.234781980514526367e-01,1.640077382326126099e-01,-3.739111497998237610e-02,1.706292852759361267e-02,4.341541603207588196e-02,-1.666932925581932068e-02
8.557968772947788239e-03,1.104938313364982605e-01,1.764832809567451477e-02,4.864775389432907104e-02,1.026576012372970581e-01,9.645628742873668671e-03,-5.250058695673942566e-02,3.967439010739326477e-02,8.458995819091796875e-02,-1.375492215156555176e-01
2.771897912025451660e-01,1.860664971172809601e-02,-3.122284710407257080e-01,-4.048666656017303467e-01,-3.936425745487213135e-01,-3.049952387809753418e-01,-2.558990381658077240e-02,2.534113228321075439e-01,-4.192040115594863892e-02,8.219941705465316772e-02
-1.611819416284561157e-01,4.261368885636329651e-02,1.690797656774520874e-01,1.271323114633560181e-02,3.859588131308555603e-02,4.655250161886215210e-02,-4.085147008299827576e-02,9.536349773406982422e-02,9.829405695199966431e-02,-1.612869091331958771e-02
1.187309995293617249e-02,3.105364739894866943e-02,-6.215385720133781433e-02,1.861712522804737091e-02,-1.219090223312377930e-01,1.175331771373748779e-01,8.217990398406982422e-02,6.580869853496551514e-02,1.237060874700546265e-03,-7.188471406698226929e-02
-1.789712160825729370e-02,-1.765583269298076630e-02,-4.056590050458908081e-02,-5.002556368708610535e-02,-7.516874372959136963e-02,1.642682403326034546e-02,-5.257694795727729797e-02,-1.170284226536750793e-01,1.456181406974792480e-01,-6.351256370544433594e-02
-5.123166367411613464e-02,-2.287614159286022186e-02,-2.542379125952720642e-02,1.702477037906646729e-01,6.304084509611129761e-02,-1.639524474740028381e-02,-2.144687436521053314e-02,-8.452502638101577759e-02,1.353567838668823242e-01,1.030605062842369080e-01
-2.153426595032215118e-02,-3.177300328388810158e-03,9.381929039955139160e-02,7.351179420948028564e-02,5.556865409016609192e-02,-4.596208035945892334e-02,-1.004081219434738159e-01,1.097768917679786682e-01,-1.366556584835052490e-01,6.826040893793106079e-02
1.314385980367660522e-01,-7.088351249694824219e-02,-4.078155755996704102e-02,-6.352555751800537109e-02,-2.714093960821628571e-02,1.917629037052392960e-03,-8.392027765512466431e-02,3.794252127408981323e-02,-1.835821717977523804e-01,-1.120540574193000793e-01
1.105481535196304321e-01,5.968096107244491577e-02,8.936929516494274139e-03,-1.926998421549797058e-02,8.686129748821258545e-02,7.507243007421493530e-02,7.706394046545028687e-02,-7.753456383943557739e-02,-1.253056526184082031e-01,-1.164917796850204468e-01
1.324929296970367432e-01,6.900411099195480347e-02,-1.268651485443115234e-01,-6.916781514883041382e-02,4.892287030816078186e-02,4.217978939414024353e-02,-1.123038958758115768e-02,-1.186499223113059998e-01,-7.591455429792404175e-02,5.908438563346862793e-02
-8.410558104515075684e-02,-1.387640926986932755e-02,-2.766477642580866814e-03,8.965035900473594666e-03,4.221675544977188110e-02,-2.684745565056800842e-02,-5.499422922730445862e-02,2.247331105172634125e-02,-2.489501610398292542e-02,3.055386804044246674e-02
9.850632399320602417e-02,-2.811329439282417297e-02,6.291857361793518066e-02,-9.891373664140701294e-02,-7.243414968252182007e-02,4.970064014196395874e-02,2.268107794225215912e-02,5.094965547323226929e-02,-2.973621524870395660e-02,-1.598500646650791168e-02
8.270201086997985840e-02,-7.344602793455123901e-02,6.992604583501815796e-02,5.401282012462615967e-02,1.215228885412216187e-01,9.152591228485107422e-02,4.599892534315586090e-03,-1.149144321680068970e-01,2.813141234219074249e-02,2.808858454227447510e-02
-6.910549104213714600e-02,-8.994039148092269897e-02,-1.169121861457824707e-01,1.325036138296127319e-01,9.529611095786094666e-03,-3.271189704537391663e-02,6.711252033710479736e-02,-8.520250208675861359e-03,-6.413427740335464478e-02,1.047856807708740234e-01
1.353756785392761230e-01,1.851222477853298187e-02,1.089248657226562500e-01,8.799823001027107239e-03,-1.076968312263488770e-01,1.760372817516326904e-01,-1.372815072536468506e-01,1.157092377543449402e-01,-9.915693104267120361e-02,-1.179937943816184998e-01
7.256685942411422729e-02,1.042337790131568909e-01,-2.098395302891731262e-02,9.190807491540908813e-02,8.720488101243972778e-02,7.148247957229614258e-02,1.295499317348003387e-02,6.258233636617660522e-02,-1.147033721208572388e-01,4.300180822610855103e-02
1.155907809734344482e-01,9.709525108337402344e-02,-1.179113164544105530e-01,2.047565393149852753e-02,3.409413248300552368e-02,-7.314652949571609497e-02,-2.324920706450939178e-02,-5.508452281355857849e-02,-8.374230004847049713e-03,-1.009642109274864197e-01
-2.739152498543262482e-02,-1.363727916032075882e-02,-6.225421652197837830e-02,-3.742227330803871155e-02,1.184063255786895752e-01,-4.365625604987144470e-02,5.549780651926994324e-02,-1.395151913166046143e-01,5.377780273556709290e-02,7.490780204534530640e-02
-2.997640334069728851e-02,4.516626894474029541e-02,6.062656641006469727e-02,-4.585733637213706970e-02,-9.617350064218044281e-03,-2.134656719863414764e-02,-1.205152831971645355e-02,1.008420735597610474e-01,-1.193578168749809265e-01,5.725692026317119598e-03
-9.051538258790969849e-02,1.027572005987167358e-01,3.232408780604600906e-03,6.883984804153442383e-02,7.090415060520172119e-02,5.576827749609947205e-02,-5.808605346828699112e-03,4.432960599660873413e-02,6.187609583139419556e-02,-3.253337054047733545e-04
-9.179472178220748901e-02,-5.233595520257949829e-02,7.970537990331649780e-02,7.120502740144729614e-02,5.963892862200737000e-02,1.149812117218971252e-01,3.415231779217720032e-02,2.443314343690872192e-02,-1.306187454611063004e-02,1.250910907983779907e-01
1.224031522870063782e-01,1.513426601886749268e-01,5.104609206318855286e-02,6.827429682016372681e-02,-3.810501098632812500e-02,-7.437327504158020020e-02,8.136210590600967407e-02,-4.735860228538513184e-02,-9.936468303203582764e-02,3.769427770748734474e-03
8.860662579536437988e-02,2.298349142074584961e-02,4.477502778172492981e-02,4.591362178325653076e-02,2.113774605095386505e-02,-2.053810283541679382e-02,-1.102409064769744873e-01,-1.183310672640800476e-01,-2.833998762071132660e-02,-3.460900858044624329e-02
-9.775434434413909912e-02,8.847486227750778198e-02,-4.650688264518976212e-03,3.310457617044448853e-02,3.446498885750770569e-02,4.155355691909790039e-02,-5.859130993485450745e-02,9.694108366966247559e-02,4.438982903957366943e-02,5.649334192276000977e-02
5.843982473015785217e-02,5.913673713803291321e-02,-3.607703745365142822e-02,7.572266459465026855e-02,1.291282922029495239e-01,-7.035163044929504395e-02,-1.269814278930425644e-02,1.352702677249908447e-01,-8.989879488945007324e-02,9.232234954833984375e-02
-8.396606892347335815e-02,4.926792532205581665e-02,-8.055819571018218994e-02,1.050281375646591187e-01,1.097407490015029907e-01,-5.136029422283172607e-02,6.091028451919555664e-02,-4.388654977083206177e-02,-1.195808872580528259e-01,5.909531936049461365e-02
2.262869104743003845e-02,1.163616627454757690e-01,7.500391453504562378e-02,8.413817733526229858e-02,-1.098421216011047363e-01,5.202442407608032227e-03,1.354436390101909637e-02,-6.993238627910614014e-02,-7.642519474029541016e-02,2.130080014467239380e-02
4.958575009368360043e-04,4.477103054523468018e-02,-4.381539672613143921e-02,-1.764499768614768982e-02,-1.135340854525566101e-01,6.200670450925827026e-02,-1.021884083747863770e-01,-6.698759645223617554e-02,-1.359695494174957275e-01,-3.937250003218650818e-02
4.645407944917678833e-02,1.542708724737167358e-01,-2.494981512427330017e-02,-7.657142728567123413e-02,5.601802095770835876e-02,-4.669858887791633606e-02,1.003705933690071106e-01,8.369804173707962036e-02,3.300397843122482300e-02,4.272485151886940002e-02
4.852938652038574219e-02,1.408715844154357910e-01,9.122242033481597900e-02,8.366608619689941406e-02,-5.808256939053535461e-02,-1.296184957027435303e-02,4.107213392853736877e-02,-2.301103621721267700e-02,-1.323279645293951035e-02,9.219128638505935669e-02
-1.038189604878425598e-01,-3.833048790693283081e-02,2.675347402691841125e-02,7.979500293731689453e-02,3.428939357399940491e-02,5.401491373777389526e-02,-5.106174573302268982e-02,-7.385423034429550171e-02,6.933145970106124878e-02,-3.823734447360038757e-02
3.651364892721176147e-02,-2.493273094296455383e-02,1.408946067094802856e-01,1.508110016584396362e-02,-8.807581663131713867e-02,1.184862479567527771e-02,-6.107089668512344360e-02,9.901696443557739258e-02,9.288963675498962402e-02,-2.003712207078933716e-02
1.948451846837997437e-01,1.291972100734710693e-01,1.011336520314216614e-01,-1.382599323987960815e-01,-7.685507088899612427e-02,8.345367759466171265e-02,2.153620123863220215e-01,1.645816117525100708e-01,-6.854631751775741577e-02,2.336324565112590790e-02
-1.200100257992744446e-01,6.501217931509017944e-02,-5.939449742436408997e-02,3.695113584399223328e-02,4.380239546298980713e-02,-1.072296313941478729e-02,4.722612723708152771e-02,3.314959630370140076e-02,-9.357679635286331177e-02,6.101816147565841675e-02
-1.544107496738433838e-01,-3.604820370674133301e-02,1.470534056425094604e-01,2.000747993588447571e-02,-5.213154479861259460e-02,1.340380758047103882e-01,-2.534607052803039551e-02,1.001466959714889526e-01,1.709866076707839966e-01,-6.000179424881935120e-02
-1.083572804927825928e-01,2.740843407809734344e-02,1.023268923163414001e-01,1.588765382766723633e-01,-1.865560747683048248e-02,1.961037665605545044e-01,-1.145723685622215271e-01,-3.134424239397048950e-02,1.828876137733459473e-01,6.079325824975967407e-02
-8.266407996416091919e-02,-8.826503157615661621e-02,-8.162494003772735596e-02,1.100967526435852051e-01,5.405488237738609314e-02,-2.840523980557918549e-02,-7.530780136585235596e-02,8.861261419951915741e-03,1.432682666927576065e-02,8.942430466413497925e-02
-7.232122868299484253e-02,7.470066845417022705e-02,-1.246352866291999817e-01,-9.682344272732734680e-03,-4.003608226776123047e-02,-7.058677822351455688e-02,-2.931930683553218842e-02,-9.272605180740356445e-02,-6.742805987596511841e-02,5.717168748378753662e-02
-9.187240898609161377e-02,-2.842232026159763336e-02,-7.569082826375961304e-02,1.720853894948959351e-02,3.158189356327056885e-02,-5.205930024385452271e-02,-5.028848350048065186e-02,-5.292153730988502502e-02,2.033473253250122070e-01,-1.697038300335407257e-02
-1.422891020774841309e-01,-1.856628339737653732e-03,-6.196103617548942566e-02,8.316924422979354858e-02,4.675873741507530212e-02,-8.370989561080932617e-02,-3.330144286155700684e-02,-1.266281008720397949e-01,1.933405362069606781e-02,-2.107997052371501923e-02
-1.620910912752151489e-01,-7.453300803899765015e-02,1.086348742246627808e-01,2.750653214752674103e-02,-7.208626717329025269e-02,-9.756895713508129120e-03,-1.122463420033454895e-01,-2.022138237953186035e-02,1.532159149646759033e-01,7.369013130664825439e-02
-1.354568004608154297e-01,-9.378323704004287720e-02,1.251453757286071777e-01,-2.151012420654296875e-02,2.996466867625713348e-02,-8.363053947687149048e-02,-1.379688084125518799e-01,-1.150342375040054321e-01,1.052488312125205994e-01,-5.113434791564941406e-02
-7.915946096181869507e-02,-9.470278769731521606e-02,7.674828916788101196e-02,-1.319249868392944336e-01,-2.721690014004707336e-02,-1.131513863801956177e-01,-9.856685250997543335e-02,9.042052179574966431e-02,8.376424014568328857e-02,1.231598928570747375e-01
-1.548150330781936646e-01,-4.741394519805908203e-02,-2.393858134746551514e-02,1.508211791515350342e-01,1.290597617626190186e-01,9.362421929836273193e-02,3.320515854284167290e-03,-3.587521985173225403e-02,-9.257372468709945679e-02,-3.884218633174896240e-02
3.961429372429847717e-02,1.801578211598098278e-03,3.807860240340232849e-02,7.044845074415206909e-02,1.170462593436241150e-01,8.354318886995315552e-02,5.520573258399963379e-02,-7.087632268667221069e-02,6.158353015780448914e-02,3.596566244959831238e-02
-1.145761460065841675e-01,5.398054048418998718e-02,1.020536720752716064e-01,1.928729750216007233e-02,1.857719942927360535e-02,1.177794579416513443e-02,2.827873267233371735e-02,1.323050707578659058e-01,8.533890359103679657e-03,2.271328493952751160e-02
-2.977893501520156860e-02,-5.537787824869155884e-02,1.275207251310348511e-01,8.009260147809982300e-02,-5.901562422513961792e-02,-1.197864711284637451e-01,1.124769225716590881e-01,1.030658558011054993e-01,1.214395985007286072e-01,4.858180880546569824e-02
1.123586818575859070e-01,-7.367245852947235107e-02,1.510702967643737793e-01,2.476245909929275513e-02,7.394495606422424316e-02,-2.605846710503101349e-02,4.099927842617034912e-02,1.649053022265434265e-02,2.055783197283744812e-02,7.052396237850189209e-02
-2.689329348504543304e-02,4.078278318047523499e-02,1.084702759981155396e-01,1.146694570779800415e-01,1.269661039113998413e-01,8.126845210790634155e-02,1.982418820261955261e-02,1.178773865103721619e-01,1.109454110264778137e-01,5.493491888046264648e-02
3.900010604411363602e-03,2.576982136815786362e-03,-5.343428254127502441e-02,7.413434982299804688e-02,1.198848858475685120e-01,-7.811008393764495850e-02,-3.345321863889694214e-02,1.075550168752670288e-01,-7.389911264181137085e-02,-6.474604457616806030e-02
8.831948507577180862e-04,5.514575541019439697e-02,1.344323605298995972e-01,-7.227318733930587769e-02,3.805435961112380028e-03,-2.928955852985382080e-02,8.578237891197204590e-02,-1.347029209136962891e-01,4.167429730296134949e-02,1.090579405426979065e-01
-1.540192514657974243e-01,6.157526746392250061e-02,4.568345472216606140e-02,3.769913315773010254e-02,1.070266440510749817e-01,8.269080519676208496e-02,8.977903425693511963e-02,1.202799677848815918e-01,-6.713495403528213501e-02,2.809745818376541138e-02
3.562183678150177002e-02,1.972805894911289215e-02,4.597259685397148132e-02,2.780383639037609100e-02,2.795669250190258026e-02,2.006594836711883545e-02,-6.647657603025436401e-02,1.576144434511661530e-02,-1.781480014324188232e-02,-1.186208799481391907e-01
3.335122391581535339e-02,4.294443875551223755e-02,1.025829166173934937e-01,-1.138520091772079468e-01,5.181249603629112244e-02,6.312011927366256714e-02,3.933217748999595642e-02,-2.352357469499111176e-02,9.154891222715377808e-02,-9.097599983215332031e-02
-8.094397187232971191e-02,-9.101958572864532471e-02,-2.719151414930820465e-02,7.335272431373596191e-02,5.374828819185495377e-03,-2.928834222257137299e-02,1.020784825086593628e-01,-9.216278046369552612e-02,-4.526818543672561646e-02,-7.093734294176101685e-02
-1.339608896523714066e-02,-8.640498667955398560e-02,-5.713451281189918518e-02,4.254960268735885620e-02,-6.919079273939132690e-02,-5.030862241983413696e-02,8.405703306198120117e-02,-1.192478612065315247e-01,-1.156139653176069260e-02,-1.053161919116973877e-01
8.126526325941085815e-02,-1.679100096225738525e-02,-1.579119563102722168e-01,-8.720489591360092163e-02,-1.088930889964103699e-01,-1.116805002093315125e-01,-5.119273066520690918e-02,1.040011197328567505e-01,4.407355934381484985e-02,-5.861710384488105774e-02
9.683874435722827911e-03,4.548507556319236755e-02,-1.249424368143081665e-01,-1.295468211174011230e-01,-1.069938540458679199e-01,4.527351818978786469e-03,-7.102452218532562256e-04,5.381996743381023407e-03,-6.295442581176757812e-02,3.881147503852844238e-02
1.232792586088180542e-01,-6.294167786836624146e-02,-2.783914562314748764e-03,5.582210421562194824e-02,-9.517269581556320190e-02,-6.556946784257888794e-02,1.699362881481647491e-02,-6.019823253154754639e-03,1.609164848923683167e-02,-7.050448656082153320e-02
-5.279192700982093811e-02,-3.766907751560211182e-02,3.702932223677635193e-02,3.780153393745422363e-02,3.953299671411514282e-02,-3.849289193749427795e-02,-8.318855613470077515e-02,-9.184820950031280518e-02,1.725627854466438293e-02,-8.790356665849685669e-02
5.136524513363838196e-02,-3.183788806200027466e-02,1.671310700476169586e-02,-9.817231446504592896e-02,2.924448926933109760e-04,4.412921518087387085e-02,-7.221912592649459839e-02,-2.465113811194896698e-02,-9.922533482313156128e-02,3.505779430270195007e-02
-3.680729493498802185e-02,8.849254995584487915e-02,-5.321509763598442078e-02,-2.127322554588317871e-02,1.491465256549417973e-03,9.442600607872009277e-02,1.107620820403099060e-02,-2.429649047553539276e-02,8.866576105356216431e-02,3.787921741604804993e-02
-4.337214305996894836e-02,1.690238341689109802e-02,-6.007855758070945740e-02,-1.249705851078033447e-01,4.097856581211090088e-03,7.736635208129882812e-02,-1.106237769126892090e-01,-8.406998217105865479e-02,-1.846441440284252167e-02,3.902519121766090393e-02
8.670916408300399780e-02,1.020384803414344788e-01,1.259359717369079590e-01,1.278159171342849731e-01,-7.090600579977035522e-02,8.437854703515768051e-04,-1.855796203017234802e-02,6.022372469305992126e-02,9.233967959880828857e-02,2.702966146171092987e-02
-1.114353612065315247e-01,-1.081740111112594604e-01,1.229745522141456604e-01,1.433448791503906250e-01,-6.495404243469238281e-02,1.118424907326698303e-01,-9.397228807210922241e-02,1.228491812944412231e-01,1.157058924436569214e-01,6.667306274175643921e-02
1.093829572200775146e-01,1.945036835968494415e-02,9.585410356521606445e-03,1.052918434143066406e-01,2.128078415989875793e-02,6.653213500976562500e-02,-1.146306321024894714e-01,-9.293887764215469360e-02,-1.284372620284557343e-02,-5.870553851127624512e-02
5.984187871217727661e-02,-1.174081638455390930e-01,-8.517142385244369507e-02,7.851038128137588501e-02,-7.965283840894699097e-02,2.413930371403694153e-02,4.252435639500617981e-02,2.337989397346973419e-02,1.247627884149551392e-01,8.626614511013031006e-02
-2.696236968040466309e-02,-1.232094317674636841e-02,-1.717236787080764771e-01,4.501336952671408653e-04,-2.318428363651037216e-03,6.691285222768783569e-02,8.978773653507232666e-02,-3.185579553246498108e-02,7.297969609498977661e-02,9.888379834592342377e-03
-1.474062204360961914e-01,-1.016411855816841125e-01,-1.205155849456787109e-01,-2.449410036206245422e-02,4.990191012620925903e-02,5.573996156454086304e-02,-5.041858553886413574e-02,-1.257357299327850342e-01,-1.047893986105918884e-01,-2.340480219572782516e-03
-2.204920724034309387e-02,4.353296011686325073e-02,1.012473255395889282e-01,-1.815129816532135010e-02,3.803090751171112061e-02,8.656967431306838989e-02,-6.038495153188705444e-02,3.985073044896125793e-02,1.231585964560508728e-01,1.188609562814235687e-02
-5.819036439061164856e-02,8.246485143899917603e-02,1.300825029611587524e-01,6.270588934421539307e-02,8.034364879131317139e-02,9.529554843902587891e-02,-3.131945058703422546e-02,-3.278472274541854858e-02,4.040873795747756958e-02,1.056831404566764832e-01
-9.748670458793640137e-02,4.095005616545677185e-02,9.143692255020141602e-02,-6.055142357945442200e-02,9.896486997604370117e-02,-1.527050696313381195e-02,4.911070689558982849e-02,-6.983465701341629028e-02,-4.198718816041946411e-02,3.060799837112426758e-02
-1.382669061422348022e-01,-5.691453069448471069e-02,-1.209005638957023621e-01,-2.228484256193041801e-03,9.622619301080703735e-02,-3.797737881541252136e-02,-8.296375721693038940e-02,-1.229188293218612671e-01,-5.366666615009307861e-02,1.080941781401634216e-01
1.078538596630096436e-01,-2.219056338071823120e-02,8.072575926780700684e-02,1.189729049801826477e-01,6.797490268945693970e-02,-1.228319406509399414e-01,-9.273200482130050659e-02,5.370330810546875000e-02,6.523178424686193466e-03,2.864015102386474609e-02
6.885907053947448730e-02,6.904089450836181641e-02,1.338141858577728271e-01,1.192051768302917480e-01,-5.044986680150032043e-02,-7.478205114603042603e-02,2.541395369917154312e-03,6.765413284301757812e-02,1.395007316023111343e-02,-3.639550134539604187e-02
-1.326335966587066650e-01,2.045083791017532349e-02,8.507805317640304565e-02,-1.415349822491407394e-02,1.112142130732536316e-01,-9.725447744131088257e-02,-4.202078655362129211e-02,-1.210986971855163574e-01,1.269631534814834595e-01,1.080959513783454895e-01
-1.181178614497184753e-01,1.054211184382438660e-01,1.083555445075035095e-02,-7.110501639544963837e-03,1.803964190185070038e-02,-4.446138069033622742e-02,6.023231148719787598e-02,7.613626867532730103e-02,9.964151680469512939e-02,-9.544943273067474365e-02
-1.251801848411560059e-01,1.257982291281223297e-02,-1.668553650379180908e-01,1.394322067499160767e-01,-9.842170029878616333e-02,-1.858940422534942627e-01,2.201315760612487793e-02,-1.675595045089721680e-01,-4.995007067918777466e-02,6.966339796781539917e-02
-7.762280106544494629e-02,9.625401347875595093e-02,-2.346762642264366150e-02,1.337643414735794067e-01,-1.334617752581834793e-02,3.448061645030975342e-02,-1.931702718138694763e-02,-4.067578352987766266e-03,1.375100612640380859e-01,-6.922806054353713989e-02
8.106953650712966919e-02,4.943396151065826416e-02,-5.777098610997200012e-02,-4.426684230566024780e-02,5.284647271037101746e-02,1.841064170002937317e-02,-1.386164873838424683e-01,-1.695364266633987427e-01,-7.142409682273864746e-02,-8.700236678123474121e-03
-5.410370975732803345e-02,-1.172404140233993530e-01,1.298343539237976074e-01,8.025570958852767944e-02,-1.118402779102325439e-01,1.536000054329633713e-02,7.495899498462677002e-02,9.007066488265991211e-02,-1.747095771133899689e-02,5.715510621666908264e-02
-3.738221526145935059e-02,-7.598973461426794529e-04,-3.431057929992675781e-02,-5.113516002893447876e-02,-9.020325378514826298e-04,1.219545677304267883e-01,9.067765623331069946e-02,1.825507916510105133e-02,-1.164897531270980835e-02,-3.872931748628616333e-02
-4.805057868361473083e-02,-8.050909638404846191e-02,-7.021991163492202759e-02,-4.939146339893341064e-02,-1.035947352647781372e-01,9.586157649755477905e-02,-1.076183095574378967e-01,1.106125861406326294e-01,4.227789118885993958e-02,-1.507512480020523071e-02
-3.562301769852638245e-02,-5.387836694717407227e-02,1.449024975299835205e-01,-3.895242139697074890e-02,-6.062645465135574341e-02,7.524488121271133423e-02,-6.112382188439369202e-02,-8.397340029478073120e-02,5.534798838198184967e-03,-3.330002725124359131e-02
-1.208338215947151184e-01,-4.103998094797134399e-02,-1.149763315916061401e-01,-3.643339127302169800e-02,-5.364217609167098999e-02,3.401006758213043213e-02,-4.624097794294357300e-02,1.363348960876464844e-01,-1.951020769774913788e-02,-1.523117125034332275e-01
-1.018382534384727478e-01,-7.729387283325195312e-02,4.890611022710800171e-02,-1.411209255456924438e-01,-9.755196422338485718e-02,-1.102084517478942871e-01,-1.032891497015953064e-01,6.208229437470436096e-02,6.463453918695449829e-02,9.095211327075958252e-02
-1.456603705883026123e-01,9.420035034418106079e-02,1.013825461268424988e-01,-9.896579384803771973e-02,5.510831624269485474e-02,-6.049133837223052979e-02,-2.816909179091453552e-02,-4.696878045797348022e-02,2.543945098295807838e-03,-2.302850037813186646e-02
-1.165884509682655334e-01,8.574732393026351929e-02,3.891221433877944946e-02,5.642833188176155090e-02,-1.759391836822032928e-02,1.110231429338455200e-01,-6.575601547956466675e-02,8.130574226379394531e-02,-5.436987057328224182e-02,7.453258335590362549e-02
-3.541963547468185425e-02,-5.963556841015815735e-02,7.471062988042831421e-02,-1.910873129963874817e-02,-9.842316061258316040e-02,-4.971237480640411377e-02,6.913098692893981934e-02,9.837453067302703857e-02,9.797380864620208740e-02,-6.889689713716506958e-02
9.827417880296707153e-02,1.415392607450485229e-01,-1.625528559088706970e-02,-1.322850435972213745e-01,-8.398599177598953247e-02,1.299782991409301758e-01,7.880805432796478271e-02,-4.457223415374755859e-02,-2.681688964366912842e-02,-5.797116830945014954e-02
-6.292399019002914429e-02,1.271851062774658203e-01,7.043100148439407349e-02,1.984679838642477989e-03,-6.258101016283035278e-02,1.101014614105224609e-01,9.420260041952133179e-02,-4.739423096179962158e-02,7.352711260318756104e-02,4.769148677587509155e-02
7.194657623767852783e-02,7.751081883907318115e-02,-9.662798605859279633e-03,8.368331193923950195e-02,-8.821802586317062378e-02,-7.230836898088455200e-02,-1.528122462332248688e-02,-6.132367253303527832e-02,-6.412773579359054565e-02,1.120481640100479126e-01
1.530999243259429932e-01,2.775124646723270416e-02,4.722581058740615845e-02,-3.030077517032623291e-01,-8.162056095898151398e-03,1.021341904997825623e-01,4.826654493808746338e-02,-6.303670257329940796e-02,-8.542163670063018799e-02,4.024829715490341187e-02
6.835680454969406128e-02,-1.131781414151191711e-01,-8.641313761472702026e-02,-1.033613011240959167e-01,-1.790221482515335083e-01,8.035128563642501831e-02,-3.638146072626113892e-02,8.445035666227340698e-02,-1.391825973987579346e-01,6.835715472698211670e-02
-1.373965144157409668e-01,-6.684724241495132446e-02,3.869059309363365173e-02,1.169539541006088257e-01,7.368475198745727539e-02,-2.660743705928325653e-02,8.968971669673919678e-02,2.436033636331558228e-02,-3.424524515867233276e-02,-2.760700322687625885e-02
-1.953839696943759918e-02,-7.523076981306076050e-02,3.700650110840797424e-02,5.012528598308563232e-02,1.046683732420206070e-02,-8.627685159444808960e-02,-1.371579896658658981e-02,-2.203575894236564636e-02,-1.082554459571838379e-01,2.895539253950119019e-02
-1.362658590078353882e-01,7.571536302566528320e-02,1.102569177746772766e-01,1.208781749010086060e-01,9.369719028472900391e-02,-2.572933211922645569e-02,-2.068831957876682281e-02,-4.052872210741043091e-02,-1.777575165033340454e-02,6.649976968765258789e-02
2.493599895387887955e-03,1.039138063788414001e-01,-6.980179995298385620e-02,-1.225369796156883240e-02,-7.790149003267288208e-02,-2.386379987001419067e-02,-1.069601178169250488e-01,-9.812542796134948730e-02,-5.648962780833244324e-02,1.171873062849044800e-01
-1.807225644588470459e-01,-6.124756857752799988e-02,1.083006113767623901e-01,1.083651650696992874e-02,-9.814722836017608643e-02,-1.536408718675374985e-02,2.803996205329895020e-02,-4.386571794748306274e-02,1.473848074674606323e-01,-4.680282250046730042e-02
6.435135845094919205e-03,-8.722310513257980347e-02,1.185762733221054077e-01,1.236119344830513000e-01,8.513294160366058350e-02,6.608976982533931732e-03,-9.121286123991012573e-02,-1.923344656825065613e-02,1.350163370370864868e-01,-4.666171967983245850e-02
-7.898644357919692993e-02,-9.020528942346572876e-02,1.031856983900070190e-01,1.677509546279907227e-01,-3.752985969185829163e-02,-4.062349908053874969e-03,-1.179716140031814575e-01,-7.345164567232131958e-02,1.721439808607101440e-01,-7.609292119741439819e-02
-1.471000909805297852e-01,-1.011067405343055725e-01,-4.491322860121726990e-02,-3.049077466130256653e-02,4.957078024744987488e-02,5.123670399188995361e-02,-4.159142822027206421e-02,-9.678547829389572144e-02,1.045036241412162781e-01,-1.271500140428543091e-01
-8.162637054920196533e-02,1.704449951648712158e-01,-1.081077605485916138e-01,-3.551340848207473755e-02,6.292115151882171631e-02,7.905804365873336792e-02,8.232511579990386963e-02,-8.527854830026626587e-02,2.069367840886116028e-02,-1.116741001605987549e-01
6.024369597434997559e-02,-1.286006625741720200e-02,-5.347686819732189178e-03,1.180659905076026917e-01,-6.509038805961608887e-02,5.170160531997680664e-02,5.803910270333290100e-02,1.107749789953231812e-01,1.603641733527183533e-02,-1.116243079304695129e-01
8.120442181825637817e-02,1.419744491577148438e-01,1.285076607018709183e-02,-6.203253194689750671e-02,-3.220562636852264404e-02,-3.327395021915435791e-02,-6.790242344141006470e-02,8.046972006559371948e-02,1.328678876161575317e-01,-9.113827347755432129e-02
-1.126291230320930481e-01,-9.836743026971817017e-02,1.045366600155830383e-01,2.078145742416381836e-02,1.482150107622146606e-01,-7.485302537679672241e-02,-7.182332128286361694e-02,-6.330595910549163818e-02,1.044783517718315125e-01,8.090999722480773926e-02
-7.419009506702423096e-02,-1.063591316342353821e-01,9.780368953943252563e-02,-1.667381078004837036e-01,-5.435713008046150208e-02,-2.525540813803672791e-02,8.231299370527267456e-02,-5.079242959618568420e-02,1.914902962744235992e-02,-1.547193825244903564e-01
3.648992255330085754e-02,-5.992732197046279907e-02,-1.751838997006416321e-02,-1.928550377488136292e-02,6.537980586290359497e-02,4.703976586461067200e-02,2.715032920241355896e-02,1.637699082493782043e-02,-6.347478181123733521e-02,-1.122885718941688538e-01
6.171846762299537659e-02,2.004554681479930878e-02,3.769058361649513245e-02,2.667853236198425293e-02,9.008131176233291626e-02,-4.235761612653732300e-02,9.967648237943649292e-02,2.909043431282043457e-02,-6.658192723989486694e-02,7.722666859626770020e-02
6.870044022798538208e-02,-1.126767396926879883e-01,5.994809791445732117e-03,1.224264409393072128e-02,1.426657736301422119e-01,-6.928654760122299194e-02,-2.182589843869209290e-02,-1.062425673007965088e-01,-3.787221387028694153e-02,-1.089987903833389282e-01
6.756968796253204346e-02,-5.813302844762802124e-02,4.989539086818695068e-02,-1.266478598117828369e-01,4.832730442285537720e-02,-5.333869159221649170e-02,-9.662882983684539795e-02,1.094069331884384155e-01,8.130159229040145874e-02,6.700687576085329056e-03
4.885887354612350464e-02,-2.691670134663581848e-02,1.918015815317630768e-02,1.219824254512786865e-01,3.273139940574765205e-03,-9.334345906972885132e-02,5.091830343008041382e-02,3.270200267434120178e-02,-1.131311897188425064e-02,-1.036844104528427124e-01
9.569686651229858398e-02,1.003242954611778259e-01,2.469027228653430939e-02,3.115749359130859375e-02,-9.051950275897979736e-02,1.124566718935966492e-01,-8.737614005804061890e-02,7.976786792278289795e-02,9.122201055288314819e-02,3.091837861575186253e-04
1.494417637586593628e-01,-3.630300611257553101e-02,1.303020417690277100e-01,6.972795724868774414e-02,5.692312121391296387e-02,5.307833850383758545e-02,-1.630525290966033936e-01,-1.355115473270416260e-01,1.126614585518836975e-01,8.793082088232040405e-03
3.305735439062118530e-02,-9.065860509872436523e-02,-1.062203431501984596e-03,2.210841886699199677e-02,5.909833312034606934e-02,4.282841458916664124e-03,-4.092003032565116882e-02,-2.936027944087982178e-02,7.274707313627004623e-03,-5.967529863119125366e-02
3.184941783547401428e-02,8.009953051805496216e-02,-5.356733873486518860e-02,1.318040043115615845e-01,7.082464545965194702e-02,1.000793576240539551e-01,-4.435315355658531189e-02,7.244203239679336548e-02,-8.391424268484115601e-02,1.385314296931028366e-02
-2.465733699500560760e-02,1.027815863490104675e-01,-4.096722975373268127e-02,-6.812547892332077026e-02,-1.650838553905487061e-02,1.328437961637973785e-02,1.707141986116766930e-03,3.688920754939317703e-03,-2.147388271987438202e-02,-9.746070951223373413e-02
-3.543459996581077576e-02,1.180679723620414734e-01,6.699479371309280396e-02,-1.469643861055374146e-01,4.025677964091300964e-02,-1.174907572567462921e-02,3.866875171661376953e-02,-2.405259571969509125e-02,-1.039940267801284790e-01,-1.222273781895637512e-01
1.099128425121307373e-01,-4.961359500885009766e-02,-2.337950095534324646e-02,-3.661892563104629517e-02,4.915684461593627930e-02,2.931382507085800171e-02,9.840682893991470337e-02,4.446171969175338745e-02,-1.401470601558685303e-01,5.022960901260375977e-02
-7.265620399266481400e-03,3.479106351733207703e-02,5.958503112196922302e-02,-4.379190877079963684e-02,-6.436382979154586792e-02,-4.719308763742446899e-02,1.046096235513687134e-01,9.152704477310180664e-02,3.859043866395950317e-02,4.157926887273788452e-02
-4.052895680069923401e-02,4.082998260855674744e-02,-5.090768914669752121e-03,-1.478971987962722778e-01,1.310512423515319824e-01,-7.284393161535263062e-02,-4.756538942456245422e-02,1.870940253138542175e-02,-1.276398003101348877e-01,3.377383947372436523e-02
-8.419836312532424927e-02,-6.034542992711067200e-02,8.481208980083465576e-02,-1.218900457024574280e-01,9.385313093662261963e-02,4.675196483731269836e-02,-2.251185849308967590e-02,-9.399297833442687988e-02,8.072007447481155396e-02,-1.068025529384613037e-01
-5.710546975024044514e-04,4.268191754817962646e-02,5.576997995376586914e-02,-3.843627404421567917e-03,-3.684695810079574585e-02,7.973754405975341797e-02,1.551614701747894287e-01,1.049889177083969116e-01,-8.599366992712020874e-02,1.261961879208683968e-03
1.782993823289871216e-01,4.640196636319160461e-02,3.651185706257820129e-02,-1.156286522746086121e-02,-1.255553662776947021e-01,5.977524444460868835e-02,6.517723202705383301e-03,1.249423846602439880e-01,-2.457083761692047119e-02,2.408801205456256866e-02
1.151787210255861282e-02,7.806362956762313843e-02,-7.655589282512664795e-02,-1.308628022670745850e-01,-6.199654191732406616e-02,-1.239138692617416382e-01,-1.083866357803344727e-01,-9.128179401159286499e-02,-8.343537151813507080e-02,1.214332319796085358e-02
-8.696124702692031860e-02,1.223270595073699951e-01,1.667025126516819000e-02,-1.094828471541404724e-01,8.387835323810577393e-02,5.169874057173728943e-02,9.026255458593368530e-02,-1.034708768129348755e-01,-2.000770345330238342e-02,7.543613668531179428e-03
-6.152191199362277985e-04,1.487857699394226074e-01,1.421934068202972412e-01,5.927810911089181900e-03,-3.787692263722419739e-02,6.768467277288436890e-02,4.994600266218185425e-02,-1.027336642146110535e-01,1.542565524578094482e-01,4.005954042077064514e-02
-3.317056596279144287e-02,-4.160536080598831177e-02,1.276342272758483887e-01,1.940337382256984711e-02,-6.441432237625122070e-02,1.177330687642097473e-01,2.371147274971008301e-02,-9.194364771246910095e-03,-5.418574064970016479e-02,-1.465073823928833008e-01
7.304731756448745728e-02,6.989411264657974243e-02,-5.470462143421173096e-02,1.546296924352645874e-01,-8.918213099241256714e-02,-6.496033072471618652e-02,-6.925378739833831787e-02,-7.021554559469223022e-02,1.090058758854866028e-01,6.554060615599155426e-03
2.677410840988159180e-02,1.051602363586425781e-01,-7.977381348609924316e-02,-8.599707484245300293e-02,-9.484025090932846069e-02,-1.058647781610488892e-01,4.966498911380767822e-02,1.030584275722503662e-01,-7.100003957748413086e-02,4.621814936399459839e-02
-5.859842523932456970e-02,1.124176681041717529e-01,1.198333427309989929e-01,8.703736215829849243e-02,-7.645714282989501953e-02,-3.895578160881996155e-02,-1.091175377368927002e-01,-1.795911416411399841e-02,1.846883147954940796e-01,-1.364643424749374390e-01
5.653676018118858337e-02,-8.068460226058959961e-02,6.658618152141571045e-02,1.164940372109413147e-01,8.894757181406021118e-02,-2.098937518894672394e-02,-8.999903500080108643e-02,-4.679688811302185059e-02,1.102651059627532959e-01,2.851955965161323547e-02
-9.991595894098281860e-02,-1.139464452862739563e-01,5.317649245262145996e-02,5.582405626773834229e-02,1.309074908494949341e-01,5.648815259337425232e-02,9.584235399961471558e-02,-9.986905381083488464e-03,1.835429854691028595e-02,5.019615218043327332e-02
4.982825368642807007e-02,1.845510909333825111e-03,1.018945872783660889e-01,1.450961530208587646e-01,1.244567185640335083e-01,-1.092948243021965027e-01,1.913330401293933392e-03,-1.232313588261604309e-01,1.443905979394912720e-01,-1.048949733376502991e-01
3.564841672778129578e-02,5.289586633443832397e-02,6.062078848481178284e-02,8.316455036401748657e-02,-3.238524869084358215e-02,3.600359335541725159e-02,-2.127192541956901550e-02,6.403049826622009277e-02,8.352837711572647095e-02,-5.690094828605651855e-02
-3.945478424429893494e-02,-8.064606040716171265e-02,3.805826604366302490e-02,4.615551233291625977e-02,-2.845934592187404633e-02,-7.669428735971450806e-02,3.241154178977012634e-02,-1.054946780204772949e-01,3.025325387716293335e-02,-8.920020610094070435e-02
-9.383033961057662964e-02,-1.144501417875289917e-01,-1.139206811785697937e-01,3.369414061307907104e-02,6.107924878597259521e-02,8.356949687004089355e-02,-1.276871375739574432e-02,8.324507623910903931e-02,-1.423051059246063232e-01,-9.977725893259048462e-02
-2.813036181032657623e-02,1.630268245935440063e-02,1.457513123750686646e-01,-4.043778404593467712e-02,8.988282084465026855e-02,-5.768559873104095459e-02,3.267730027437210083e-02,-1.733628916554152966e-03,-2.647861838340759277e-03,3.536911308765411377e-02
4.337152838706970215e-02,1.290741749107837677e-02,1.376557499170303345e-01,1.302816122770309448e-01,1.923805475234985352e-02,-3.646420687437057495e-02,-5.939729511737823486e-02,5.355436727404594421e-02,3.249854966998100281e-02,-1.173822395503520966e-02
-3.545770794153213501e-02,-2.514525316655635834e-02,-5.363071803003549576e-03,-2.483476325869560242e-02,-1.396377235651016235e-01,1.140619814395904541e-01,1.305830627679824829e-01,5.008087307214736938e-02,-6.686893850564956665e-02,-1.133235394954681396e-01
-3.522714599967002869e-02,-7.632471621036529541e-02,-2.114126831293106079e-02,-1.157053261995315552e-01,-2.025423571467399597e-02,-1.286806166172027588e-01,2.491842396557331085e-02,2.423730865120887756e-02,-1.036539897322654724e-01,7.856603711843490601e-02
5.804503709077835083e-02,9.736111760139465332e-02,-9.201495349407196045e-02,-8.141181617975234985e-02,-9.876026213169097900e-02,4.112199321389198303e-02,7.344498485326766968e-02,4.466269910335540771e-02,1.306190527975559235e-02,4.970826208591461182e-02
9.371056407690048218e-02,8.654487878084182739e-02,8.397968485951423645e-03,-1.384622454643249512e-01,-7.960339635610580444e-02,-7.343638688325881958e-02,6.518635898828506470e-02,4.436879232525825500e-02,-3.015749156475067139e-02,-5.789687111973762512e-02
-5.985061451792716980e-02,-7.892931252717971802e-02,-1.013854816555976868e-01,-3.886289522051811218e-02,9.696270525455474854e-02,-1.033626347780227661e-01,2.511330693960189819e-02,-8.127101510763168335e-02,-1.390404999256134033e-03,-1.119729802012443542e-01
-6.094890087842941284e-02,-3.506848216056823730e-02,8.374286442995071411e-02,9.564118832349777222e-02,4.087385162711143494e-02,3.622805699706077576e-02,4.171737283468246460e-02,-1.064682081341743469e-01,6.342300027608871460e-02,3.443294391036033630e-02
-2.311809547245502472e-02,-1.366825867444276810e-02,-1.078891754150390625e-01,-4.728233069181442261e-02,4.283550009131431580e-02,-5.854103341698646545e-02,2.021929994225502014e-02,7.080206274986267090e-02,7.726257294416427612e-02,-6.468031555414199829e-02
1.291801035404205322e-01,4.364798218011856079e-02,5.217883735895156860e-02,2.428160980343818665e-02,-2.894163317978382111e-02,-2.270034514367580414e-02,-3.036909177899360657e-02,-8.345427364110946655e-02,7.106603588908910751e-03,-7.120022922754287720e-02
1.191822439432144165e-01,-1.075620111078023911e-02,-1.825823634862899780e-02,7.138337939977645874e-02,-6.080949679017066956e-02,-1.082772165536880493e-01,4.895300138741731644e-03,1.064620688557624817e-01,-1.196065619587898254e-01,1.012854352593421936e-01
6.211813166737556458e-02,-7.752172648906707764e-02,1.185460165143013000e-01,-8.518926054239273071e-02,-5.656168237328529358e-02,1.691502332687377930e-01,1.053742915391921997e-01,3.603697940707206726e-02,1.099410876631736755e-01,-9.756344556808471680e-02
2.568611875176429749e-03,-1.019064113497734070e-01,-5.394763126969337463e-02,-8.361583948135375977e-02,-1.104339882731437683e-01,-6.007818132638931274e-02,-4.517515748739242554e-02,7.789605855941772461e-02,-2.534744329750537872e-02,-1.195478513836860657e-01
-9.798941016197204590e-02,-2.007062779739499092e-03,-2.788592688739299774e-02,6.774051487445831299e-02,-4.751965776085853577e-02,-1.094927713274955750e-01,-1.129195615649223328e-01,-1.095447409898042679e-02,-1.161814555525779724e-01,3.820709511637687683e-02
-9.871387481689453125e-02,-6.452752649784088135e-02,-6.808055937290191650e-02,-4.820113256573677063e-02,1.327791512012481689e-01,9.310964494943618774e-02,-1.106199342757463455e-02,-1.289110481739044189e-01,-1.071337610483169556e-01,-5.428227782249450684e-02
-3.441210836172103882e-02,-8.429472893476486206e-02,-1.106674224138259888e-01,4.996757209300994873e-02,-4.802230000495910645e-02,-1.190353557467460632e-02,-1.361944675445556641e-01,9.070572257041931152e-02,-6.619405746459960938e-02,4.127632826566696167e-02
-8.445514738559722900e-02,-7.476276159286499023e-02,-3.203155007213354111e-03,-7.901785522699356079e-02,4.145215824246406555e-02,-1.591794425621628761e-03,6.552075594663619995e-02,7.791278511285781860e-02,1.742138564586639404e-01,7.747667282819747925e-02
-1.305470592342317104e-03,7.231021672487258911e-02,-4.882977157831192017e-02,1.025675311684608459e-01,-4.466835036873817444e-02,-8.699328638613224030e-03,7.408638298511505127e-02,-5.942048132419586182e-02,1.102803498506546021e-01,1.202310714870691299e-02
-1.032439544796943665e-01,4.124877229332923889e-02,-1.137785911560058594e-01,-7.071285694837570190e-02,6.003735587000846863e-03,1.003815084695816040e-01,6.821797043085098267e-02,-8.197288215160369873e-02,2.974890358746051788e-02,3.734342381358146667e-02
1.161852031946182251e-01,-3.909163177013397217e-02,-9.188522398471832275e-02,-1.182590723037719727e-01,-1.061928737908601761e-02,-9.516919404268264771e-02,-3.103453852236270905e-02,1.607203781604766846e-01,1.126437634229660034e-02,1.015387326478958130e-01
1.001640595495700836e-02,-2.311074174940586090e-02,3.502274304628372192e-02,1.553655508905649185e-02,8.219540119171142578e-02,1.506548374891281128e-02,5.884012207388877869e-03,1.014732122421264648e-01,5.714217200875282288e-02,3.352127224206924438e-02
-9.704969823360443115e-02,-7.329889386892318726e-02,-5.727353040128946304e-03,4.244720190763473511e-02,1.133045647293329239e-02,-2.600679919123649597e-02,-1.018261164426803589e-01,-5.798181891441345215e-02,6.600094586610794067e-02,-3.459588065743446350e-02
1.081219762563705444e-01,-1.524883322417736053e-02,-1.555612832307815552e-01,-2.176965400576591492e-02,-1.470461934804916382e-01,-6.394834071397781372e-02,1.212145388126373291e-01,1.373740285634994507e-01,2.077310718595981598e-02,-8.560032583773136139e-03
1.367025077342987061e-01,-7.393360137939453125e-02,-8.594574034214019775e-02,4.621394351124763489e-02,7.538794726133346558e-02,6.881107389926910400e-02,-6.404232978820800781e-02,1.196207925677299500e-01,-9.839787334203720093e-02,2.853781683370471001e-03
-2.393312565982341766e-02,8.484899997711181641e-02,-1.161147281527519226e-01,-6.849016249179840088e-02,-1.080197514966130257e-03,3.158273920416831970e-02,-8.830963075160980225e-02,1.244207918643951416e-01,-1.396616995334625244e-01,-8.480820804834365845e-02
5.102005973458290100e-02,8.399239927530288696e-02,-1.140242889523506165e-01,-1.308113187551498413e-01,-1.232779473066329956e-01,9.801447391510009766e-02,5.468934774398803711e-02,-1.019715443253517151e-01,1.382406428456306458e-02,-6.508558988571166992e-02
-3.528991341590881348e-02,1.455063670873641968e-01,-8.002937771379947662e-03,6.021953374147415161e-02,8.847345411777496338e-02,2.536087296903133392e-02,-2.167413011193275452e-02,1.157282963395118713e-01,-4.296959936618804932e-02,5.290725827217102051e-02
-1.505959779024124146e-01,1.055690199136734009e-01,-1.058405935764312744e-01,2.898350916802883148e-02,1.233568973839282990e-02,-8.844673633575439453e-02,8.839190006256103516e-02,3.712492063641548157e-02,-1.144374310970306396e-01,1.038622781634330750e-01
-5.495636910200119019e-02,-4.197493661195039749e-03,6.120973452925682068e-02,-1.033616364002227783e-01,-3.608890622854232788e-02,-6.161059811711311340e-02,-1.266184076666831970e-02,-6.941112875938415527e-02,6.828259676694869995e-02,-1.096280142664909363e-01
8.368056267499923706e-02,-1.770194768905639648e-01,-1.080022454261779785e-01,5.364348739385604858e-02,1.074274778366088867e-01,-3.913484141230583191e-02,-1.681949011981487274e-02,7.018673419952392578e-02,1.095260381698608398e-01,-7.976638525724411011e-02
8.899796754121780396e-02,3.144951909780502319e-02,-2.235963568091392517e-02,-6.740267574787139893e-02,-1.534794569015502930e-01,1.461094245314598083e-02,1.493879705667495728e-01,-3.535613650456070900e-03,8.257971704006195068e-02,6.141982972621917725e-02
-3.674710169434547424e-02,2.663390524685382843e-02,1.207279413938522339e-01,-7.110563665628433228e-02,-1.218697130680084229e-01,-1.005451455712318420e-01,1.200792659074068069e-02,-1.229835823178291321e-01,-8.916854858398437500e-02,-3.506112471222877502e-02
-1.330215036869049072e-01,-3.714928776025772095e-02,1.172580718994140625e-01,-2.504022419452667236e-02,-2.084144856780767441e-03,1.039845496416091919e-01,4.702454805374145508e-02,3.561774641275405884e-02,1.062445342540740967e-01,-4.802330583333969116e-02
7.140371948480606079e-02,-3.479419276118278503e-02,-5.443111807107925415e-02,8.488123863935470581e-02,3.739203512668609619e-02,1.814287528395652771e-02,7.535048574209213257e-02,-6.228129565715789795e-02,9.297161549329757690e-02,-5.851908400654792786e-02
-5.816065520048141479e-02,-1.414914578199386597e-01,-4.985983669757843018e-02,-3.294486925005912781e-02,2.795150969177484512e-03,-5.105491355061531067e-02,1.043221727013587952e-01,4.469312354922294617e-02,-3.676559776067733765e-02,7.293170690536499023e-02
6.257367879152297974e-02,-2.560275979340076447e-02,-4.413557238876819611e-03,1.290400773286819458e-01,5.177888274192810059e-02,-4.322997108101844788e-02,-6.008573248982429504e-02,9.807095676660537720e-02,7.345781475305557251e-02,-1.636466830968856812e-01
9.037212282419204712e-02,-1.203607246279716492e-01,1.372121870517730713e-01,-1.296419743448495865e-02,1.219613477587699890e-01,6.366764008998870850e-02,-8.808854967355728149e-03,-1.109761968255043030e-01,-4.504898563027381897e-02,-1.436189264059066772e-01
5.229196324944496155e-02,8.435427397489547729e-02,-2.104786410927772522e-02,-1.037848219275474548e-01,1.184058189392089844e-01,-7.399165630340576172e-02,4.426747560501098633e-02,1.293619573116302490e-01,-1.142129581421613693e-02,-1.469793319702148438e-01
1.045268699526786804e-01,-1.151681467890739441e-01,4.748691245913505554e-02,1.194656640291213989e-01,1.274559050798416138e-01,-1.851150393486022949e-01,1.214904859662055969e-01,2.675249613821506500e-02,-1.045131534337997437e-01,-1.287458091974258423e-01
7.161717116832733154e-02,-7.810080051422119141e-02,1.206221655011177063e-01,3.622056171298027039e-02,-1.524357683956623077e-02,3.544690087437629700e-02,1.137949153780937195e-01,6.180992722511291504e-02,-6.446694582700729370e-02,2.807241491973400116e-02
1.061809659004211426e-01,-5.784436315298080444e-02,1.147807911038398743e-01,4.829677566885948181e-02,-9.263828396797180176e-02,-2.065213024616241455e-02,-5.100583657622337341e-02,-5.951501056551933289e-02,4.029083997011184692e-02,-5.674408748745918274e-03
5.011143907904624939e-02,-5.529549717903137207e-02,-7.492361217737197876e-02,1.174702197313308716e-01,-4.166077449917793274e-02,6.004102528095245361e-02,8.312188088893890381e-02,-3.608935512602329254e-03,5.687151476740837097e-02,5.462335795164108276e-02
5.904024094343185425e-02,-7.833591848611831665e-02,-5.867532268166542053e-02,-3.437634557485580444e-02,-8.003165712580084801e-04,1.584951207041740417e-02,-1.037054285407066345e-01,-7.084257900714874268e-02,1.627759337425231934e-01,-5.000958591699600220e-02
-2.318028919398784637e-02,-2.467801049351692200e-02,1.504382491111755371e-01,-3.130004182457923889e-02,-3.113433718681335449e-02,-2.807768620550632477e-02,-5.922470241785049438e-02,8.153975009918212891e-02,2.551027946174144745e-02,-7.908978313207626343e-02
9.531470388174057007e-02,7.368542253971099854e-02,8.732353895902633667e-02,3.420525044202804565e-02,-7.135903462767601013e-03,5.640939623117446899e-02,4.330422356724739075e-02,3.389425948262214661e-02,-1.968373078852891922e-03,2.996427565813064575e-02
6.496715545654296875e-02,-1.170613542199134827e-01,1.284972280263900757e-01,1.554442793130874634e-01,-1.763008162379264832e-02,9.814933687448501587e-02,5.069347470998764038e-02,3.842544555664062500e-02,8.670306950807571411e-02,-1.195309013128280640e-01
9.636101871728897095e-02,-8.685339987277984619e-02,4.946106299757957458e-02,-6.798443198204040527e-02,-8.624118566513061523e-02,5.617525801062583923e-02,1.301813274621963501e-01,-8.186153322458267212e-02,1.384131610393524170e-01,8.820564486086368561e-03
-1.035705059766769409e-01,5.192495509982109070e-02,1.236956939101219177e-01,-8.856127411127090454e-02,-3.780059143900871277e-02,-9.040275961160659790e-02,-7.295402884483337402e-02,-3.906470537185668945e-02,-1.196853816509246826e-01,-3.713166713714599609e-02
1.442327499389648438e-01,-1.020246520638465881e-01,-4.350437223911285400e-02,-1.576732844114303589e-01,1.302983164787292480e-01,-9.620296955108642578e-02,-7.111601531505584717e-02,1.058297976851463318e-01,-3.233277704566717148e-03,7.002359628677368164e-02
7.683069258928298950e-02,-9.193336218595504761e-02,-6.807726621627807617e-02,-4.388105869293212891e-02,-6.477724015712738037e-02,-9.140782058238983154e-02,-8.919699490070343018e-02,6.666225194931030273e-02,-5.817776173353195190e-02,6.669008143944665790e-06
5.306580290198326111e-02,-1.511629521846771240e-01,1.135218888521194458e-01,5.615488439798355103e-02,-9.823197126388549805e-02,1.482522208243608475e-02,-9.986184537410736084e-02,-3.194477781653404236e-02,-2.806640602648258209e-02,-1.271233558654785156e-01
-1.066738143563270569e-01,-9.206265956163406372e-02,5.166760459542274475e-02,-1.191959157586097717e-01,-8.684193715453147888e-03,-3.904315829277038574e-02,-2.054593712091445923e-02,1.197631806135177612e-01,5.734139308333396912e-02,-9.368519484996795654e-02
-5.107596889138221741e-02,-2.863365970551967621e-02,-9.688581526279449463e-02,3.680092841386795044e-02,-6.637353450059890747e-02,-5.281732603907585144e-02,4.163274914026260376e-02,-7.278817147016525269e-02,-1.305487472563982010e-02,9.421210736036300659e-02
5.904690921306610107e-02,-2.285156585276126862e-02,4.630097746849060059e-02,2.223594300448894501e-02,2.292328327894210815e-02,-8.433491736650466919e-02,9.466111660003662109e-02,1.058084964752197266e-01,5.754404887557029724e-02,-8.166986703872680664e-02
-9.090999513864517212e-02,-1.302626915276050568e-03,-3.395012393593788147e-02,8.681715279817581177e-02,8.900341391563415527e-02,7.566750794649124146e-02,7.249879091978073120e-02,6.217235233634710312e-03,-2.501518465578556061e-02,9.341587871313095093e-02
1.210969835519790649e-01,1.041190177202224731e-01,3.371023759245872498e-02,-7.460758788511157036e-04,-3.949395567178726196e-02,5.563681200146675110e-02,8.197860419750213623e-02,-2.191418595612049103e-02,-2.489893138408660889e-02,-4.575050249695777893e-02
7.590691745281219482e-02,4.392768442630767822e-02,-2.513737231492996216e-02,-5.589074641466140747e-02,4.469133913516998291e-02,1.213859170675277710e-01,8.083090186119079590e-02,9.535358101129531860e-02,-3.183703124523162842e-02,-3.264905139803886414e-02
-3.979239845648407936e-04,-1.076741702854633331e-02,3.101706132292747498e-02,5.046641826629638672e-02,8.012244477868080139e-03,-2.968500368297100067e-02,-1.313505135476589203e-02,-4.728011786937713623e-02,-8.990254253149032593e-02,5.693784356117248535e-02
-1.232493203133344650e-02,-8.049389719963073730e-02,-8.057177066802978516e-02,-6.065122410655021667e-02,-6.903369724750518799e-02,2.365901134908199310e-02,1.433132737874984741e-01,1.538070738315582275e-01,-1.114652603864669800e-01,-1.027240604162216187e-01
-1.613931031897664070e-03,4.185139387845993042e-02,8.185180276632308960e-02,-4.751372709870338440e-02,-9.548022598028182983e-02,-1.068594958633184433e-02,3.653980791568756104e-02,1.560120731592178345e-01,1.715337485074996948e-02,4.060067981481552124e-02
-6.448791921138763428e-02,-2.318712323904037476e-02,-5.853521451354026794e-02,-4.250650852918624878e-02,4.021198302507400513e-02,-3.412651643157005310e-02,-4.823805764317512512e-02,9.193877130746841431e-02,-1.780838891863822937e-02,-4.071399942040443420e-02
8.251463063061237335e-03,-1.174123883247375488e-01,-6.859529763460159302e-02,-1.931324787437915802e-02,-1.040153652429580688e-01,-3.052401170134544373e-02,-3.710225922986865044e-03,3.390364721417427063e-02,-1.647675223648548126e-02,9.332069009542465210e-02
-7.265672832727432251e-02,-1.098097637295722961e-01,-1.233957242220640182e-02,-2.490348368883132935e-02,-5.120402574539184570e-02,-4.958897829055786133e-02,-7.722423877567052841e-03,-9.531478583812713623e-02,-8.180683106184005737e-02,-4.957632720470428467e-02
-1.303081810474395752e-01,4.293772578239440918e-02,-9.383746981620788574e-02,3.222602605819702148e-02,-9.472534805536270142e-02,5.733038485050201416e-02,1.106025055050849915e-01,-9.476243704557418823e-02,1.549759358167648315e-01,1.305354088544845581e-01
3.793525695800781250e-02,-3.553901612758636475e-02,1.125418543815612793e-01,5.318205431103706360e-02,-1.598732918500900269e-02,6.148096174001693726e-02,1.431050002574920654e-01,-5.997428297996520996e-02,6.396710127592086792e-02,5.500825867056846619e-02
1.003426387906074524e-01,-8.686701953411102295e-02,-1.377203315496444702e-02,2.576017193496227264e-02,-1.283293664455413818e-01,7.210586220026016235e-02,1.132091954350471497e-01,7.951302826404571533e-02,1.370427459478378296e-01,-2.976606786251068115e-02
-1.107660606503486633e-01,1.207097321748733521e-01,9.352535009384155273e-02,-4.366524517536163330e-02,-3.587225452065467834e-02,1.146629080176353455e-01,9.524370729923248291e-02,-1.797735691070556641e-02,2.766063995659351349e-02,1.237519010901451111e-01
-1.231920719146728516e-01,5.391386896371841431e-02,3.475835081189870834e-03,-8.536923676729202271e-02,-2.347733266651630402e-02,1.083030402660369873e-01,-6.754668056964874268e-02,9.423378109931945801e-02,-4.971222952008247375e-02,7.067809253931045532e-02
2.962189540266990662e-02,1.131501272320747375e-01,-9.481301903724670410e-02,-3.146482631564140320e-02,-4.952195659279823303e-02,9.990895539522171021e-02,-5.616949871182441711e-03,-6.446991860866546631e-02,1.014290004968643188e-01,1.023981422185897827e-01
-1.061402112245559692e-01,-9.085162729024887085e-02,-7.342583686113357544e-02,-1.320533752441406250e-01,-1.067414805293083191e-01,6.173740327358245850e-02,-1.101079285144805908e-01,-2.591204270720481873e-02,7.707241177558898926e-02,6.216365471482276917e-02
5.049450695514678955e-02,-1.059090644121170044e-01,1.199572812765836716e-02,3.756076097488403320e-02,2.694375999271869659e-02,5.793295055627822876e-02,5.226856563240289688e-03,-9.215360879898071289e-02,-1.128999367356300354e-01,-5.772531148977577686e-04
-1.459436863660812378e-01,4.227703064680099487e-02,-9.816186130046844482e-02,2.498266519978642464e-03,-1.579803973436355591e-01,1.037413626909255981e-01,-3.241299092769622803e-02,7.579632569104433060e-03,-1.177973859012126923e-02,-3.094297135248780251e-03
7.093472778797149658e-02,-8.007689565420150757e-02,8.156163245439529419e-02,7.088772486895322800e-03,-1.574753522872924805e-01,-4.154541715979576111e-02,-5.166911520063877106e-03,6.136596575379371643e-02,9.403009898960590363e-03,2.452409081161022186e-02
-9.628501534461975098e-02,6.494866311550140381e-02,-7.150569558143615723e-02,1.197472438216209412e-01,-1.139386892318725586e-01,-1.253500580787658691e-02,-8.364033699035644531e-02,-1.218236908316612244e-01,9.903081506490707397e-02,7.043766975402832031e-02
-7.817272096872329712e-03,2.421631291508674622e-02,2.464769780635833740e-02,-9.796999394893646240e-02,8.796648681163787842e-02,-5.532880499958992004e-02,9.613009542226791382e-02,-1.226806938648223877e-01,5.759282968938350677e-03,-5.931636318564414978e-02
-1.498883776366710663e-02,-1.311821937561035156e-01,-5.594566464424133301e-02,7.947777397930622101e-03,-5.025167763233184814e-02,8.931800723075866699e-02,-1.010865792632102966e-01,4.093962535262107849e-02,-6.525756418704986572e-02,1.231569424271583557e-01
4.442390799522399902e-02,-5.099869892001152039e-02,1.232936307787895203e-01,-1.013728324323892593e-02,6.211144477128982544e-02,-7.878526300191879272e-02,-2.116726897656917572e-02,-2.577753551304340363e-02,3.991139680147171021e-02,-3.714964725077152252e-03
-1.077495589852333069e-01,-8.938328921794891357e-02,-1.076411549001932144e-02,-2.689578011631965637e-02,-6.690179556608200073e-02,-4.948033392429351807e-02,-1.120768412947654724e-01,-1.558815129101276398e-02,1.429196298122406006e-01,-1.160115450620651245e-01
7.139597088098526001e-02,-3.446271643042564392e-02,-3.391880914568901062e-02,8.452232182025909424e-02,1.612938567996025085e-02,9.371798485517501831e-02,1.206650659441947937e-01,-8.518022298812866211e-02,-2.829427272081375122e-02,-1.152763217687606812e-01
1.016407385468482971e-01,1.251303851604461670e-01,-2.925340645015239716e-02,-9.385024011135101318e-02,5.061392858624458313e-02,-5.137498676776885986e-02,5.696885287761688232e-02,3.349385783076286316e-02,-4.454068467020988464e-02,7.907181046903133392e-03
7.228422909975051880e-02,5.042075738310813904e-02,-6.195669248700141907e-02,-6.255508214235305786e-02,-4.284326452761888504e-03,-2.890364453196525574e-02,7.324311137199401855e-02,1.012862771749496460e-01,-9.410236030817031860e-03,5.010538268834352493e-03
-3.944148868322372437e-02,-9.579964727163314819e-02,3.750811889767646790e-02,-1.140835508704185486e-01,-3.092199563980102539e-02,-1.450304989702999592e-03,-1.277478784322738647e-01,-1.057658046483993530e-01,8.904311060905456543e-02,1.077175512909889221e-02
2.616358920931816101e-02,-1.710517704486846924e-02,-5.973672121763229370e-02,1.449797153472900391e-01,-5.400167405605316162e-02,-1.073921620845794678e-01,5.143674835562705994e-02,1.228203698992729187e-01,-1.857734657824039459e-02,-7.621841877698898315e-02
9.246667474508285522e-02,-7.592307776212692261e-02,3.642097860574722290e-02,8.297568559646606445e-02,6.492456048727035522e-02,-1.378839015960693359e-01,4.514217749238014221e-02,5.270541086792945862e-02,-9.081748127937316895e-02,-9.031289955601096153e-04
-6.618452817201614380e-02,-9.806434065103530884e-02,-8.462963253259658813e-02,-4.587311297655105591e-02,3.260698169469833374e-02,-2.775533311069011688e-02,-1.269936114549636841e-01,8.002442121505737305e-02,-3.642796352505683899e-02,-1.150706559419631958e-01
4.368462041020393372e-02,-8.543591201305389404e-02,8.567982167005538940e-02,8.141568303108215332e-02,-1.249849349260330200e-01,4.896944388747215271e-02,8.783072978258132935e-02,2.854843041859567165e-04,-1.605654135346412659e-02,-1.578018069267272949e-01
5.185742676258087158e-02,1.884219050407409668e-02,2.543461509048938751e-03,3.051440045237541199e-02,2.007928490638732910e-02,-1.149144116789102554e-02,-7.416824251413345337e-02,3.836487187072634697e-03,5.458576604723930359e-02,-6.112239882349967957e-02
3.355025872588157654e-02,3.235423937439918518e-02,6.208647415041923523e-02,2.998093375936150551e-03,9.928999096155166626e-02,5.694217979907989502e-02,-8.931593596935272217e-02,2.932196110486984253e-02,-9.391434490680694580e-02,-1.484030671417713165e-02
-4.134474694728851318e-02,-6.365642696619033813e-02,-1.826778799295425415e-02,-2.543737180531024933e-02,-7.068353891372680664e-02,9.434836357831954956e-02,2.313207369297742844e-03,-2.191144600510597229e-02,-8.108375966548919678e-02,3.538747876882553101e-02
-1.011360511183738708e-01,7.669708691537380219e-03,7.695514708757400513e-02,-8.158627152442932129e-02,6.094722077250480652e-02,4.544395580887794495e-02,-8.419571816921234131e-02,-6.906162016093730927e-03,1.018059812486171722e-02,5.710770841687917709e-03
5.290517583489418030e-02,-6.758198887109756470e-02,2.771009923890233040e-03,1.290550548583269119e-02,1.131957992911338806e-01,4.199416725896298885e-04,-6.273414939641952515e-02,1.218232885003089905e-01,7.027906924486160278e-02,-7.772895693778991699e-02
7.766448706388473511e-02,8.550083637237548828e-02,1.258836388587951660e-01,4.034162033349275589e-03,1.061675027012825012e-01,1.014908477663993835e-01,-9.632035344839096069e-02,3.753304108977317810e-02,2.582357078790664673e-02,-6.994044780731201172e-02
1.185372471809387207e-03,-3.377759456634521484e-02,-1.069526374340057373e-01,8.808296918869018555e-02,3.812693431973457336e-02,-2.736912667751312256e-02,-7.520032674074172974e-02,1.277055405080318451e-02,3.711229190230369568e-02,1.312732398509979248e-01
3.557515889406204224e-02,9.111889451742172241e-02,-4.989637807011604309e-02,-8.808436989784240723e-02,-8.266880363225936890e-02,2.861729636788368225e-02,5.415476858615875244e-02,3.445659205317497253e-02,-9.875040501356124878e-02,3.802556172013282776e-02
8.753422647714614868e-02,-1.218413487076759338e-01,1.081273108720779419e-01,2.471035905182361603e-02,-4.852788522839546204e-02,2.925149723887443542e-02,-9.409030526876449585e-02,2.242424711585044861e-02,1.239829733967781067e-01,6.539693474769592285e-02
1.000211224891245365e-03,3.168393298983573914e-02,-2.756117656826972961e-02,-3.205137560144066811e-03,-1.542546227574348450e-02,7.625161111354827881e-02,-6.132182106375694275e-02,1.135614700615406036e-02,-1.126683205366134644e-01,1.394817382097244263e-01
9.266030788421630859e-02,-1.041998863220214844e-01,-2.536140847951173782e-03,-5.415062606334686279e-02,-8.805213868618011475e-02,7.184230536222457886e-02,-7.128164172172546387e-03,-4.629086330533027649e-02,-8.874670416116714478e-02,1.186353489756584167e-01
9.742442518472671509e-02,-8.132065832614898682e-02,-1.395227946341037750e-02,2.855022065341472626e-02,-1.426766961812973022e-01,4.792249295860528946e-03,3.672903031110763550e-02,-3.809054195880889893e-02,-1.075176149606704712e-01,-9.467987343668937683e-03
2.337329834699630737e-02,-1.588735356926918030e-02,-6.761737912893295288e-02,-2.380231209099292755e-02,-8.789348602294921875e-02,-4.126999899744987488e-02,-6.836961954832077026e-02,1.605887152254581451e-02,3.716174885630607605e-02,6.813789904117584229e-02
-1.130278706550598145e-01,8.166573941707611084e-02,-3.679684922099113464e-02,-1.238053217530250549e-01,8.866742998361587524e-02,7.761950045824050903e-02,-1.487828232347965240e-02,-1.103100255131721497e-01,-8.313665539026260376e-02,7.434844225645065308e-02
4.371045529842376709e-02,-3.772689774632453918e-02,6.832774728536605835e-02,6.569564342498779297e-02,-4.621892422437667847e-02,-3.514869138598442078e-02,-4.658438637852668762e-02,4.927409440279006958e-02,7.252492941915988922e-03,6.536311656236648560e-02
-3.013879619538784027e-02,-1.972439000383019447e-03,-2.695756964385509491e-02,5.918269604444503784e-02,2.620422514155507088e-03,-1.641128584742546082e-02,9.887746721506118774e-02,1.792021095752716064e-02,1.425529718399047852e-01,7.781881093978881836e-02
5.963990464806556702e-02,6.511932611465454102e-02,-9.084492921829223633e-03,1.291002333164215088e-01,-6.844953447580337524e-02,-1.128638014197349548e-01,6.348800659179687500e-02,4.881101846694946289e-02,-3.021592274308204651e-02,-6.383163481950759888e-02
-3.922599554061889648e-02,-4.124656319618225098e-03,-8.557159453630447388e-02,-5.479530245065689087e-02,5.930349975824356079e-02,-5.077674984931945801e-02,-5.345026776194572449e-02,-9.752212464809417725e-02,1.024307757616043091e-01,7.010042667388916016e-02
2.471015974879264832e-02,7.632642984390258789e-02,5.826395354233682156e-04,3.774445503950119019e-02,-6.413024663925170898e-02,-7.651367783546447754e-02,-7.923286408185958862e-02,3.667831420898437500e-02,4.318237677216529846e-02,-1.043499112129211426e-01
-1.406988315284252167e-02,3.041918389499187469e-02,-9.265478700399398804e-02,-8.016749471426010132e-02,6.345526129007339478e-02,-1.186443269252777100e-01,5.974788591265678406e-02,-6.964690983295440674e-02,3.443879261612892151e-02,2.356278710067272186e-02
8.883302100002765656e-03,1.121739000082015991e-01,-4.552904516458511353e-02,-8.201760798692703247e-02,1.595654990524053574e-03,3.162704408168792725e-02,1.266323328018188477e-01,-9.035606868565082550e-03,-2.566155744716525078e-03,-6.785567104816436768e-02
4.666138440370559692e-02,6.299245357513427734e-02,-6.459020078182220459e-02,2.394728921353816986e-02,7.930428534746170044e-02,1.439089607447385788e-02,1.324944347143173218e-01,1.303247958421707153e-01,-6.744749844074249268e-02,-8.438449352979660034e-02
1.200195178389549255e-01,7.149716466665267944e-02,-1.048497706651687622e-01,8.834861963987350464e-02,-1.156293079257011414e-01,-7.201984524726867676e-03,-1.055754870176315308e-01,-6.243379041552543640e-02,2.727368474006652832e-02,1.413454264402389526e-01
-1.070937514305114746e-01,-2.108978107571601868e-02,4.521495476365089417e-02,1.545149385929107666e-01,-3.480948507785797119e-02,6.485821306705474854e-02,1.156472489237785339e-01,4.612895473837852478e-02,6.711775064468383789e-02,-6.324370950460433960e-02
-1.172476038336753845e-01,5.052613560110330582e-03,4.621817916631698608e-02,1.836959645152091980e-02,5.677247047424316406e-02,-7.330314815044403076e-02,-5.966740660369396210e-03,-9.404946863651275635e-02,6.480124592781066895e-02,4.287972301244735718e-02
-1.685853600502014160e-01,3.051869198679924011e-02,-1.004723832011222839e-01,1.977268047630786896e-02,-2.350676618516445160e-02,-1.024364680051803589e-01,-1.155914440751075745e-01,-1.646253615617752075e-01,1.593970209360122681e-01,-7.316790521144866943e-02
-1.060464903712272644e-01,5.333757959306240082e-03,1.181159615516662598e-01,2.550783567130565643e-02,3.591922298073768616e-02,1.090659759938716888e-03,3.729881346225738525e-02,-5.778558924794197083e-02,1.402447670698165894e-01,5.190276727080345154e-02
-5.549030378460884094e-02,-4.873139783740043640e-02,-3.156270831823348999e-02,2.701818570494651794e-02,1.174541115760803223e-01,1.472829375416040421e-02,-1.312197893857955933e-01,-1.674282480962574482e-03,1.317408680915832520e-01,-1.151991728693246841e-02
7.292558997869491577e-02,-9.608796238899230957e-02,-5.313015356659889221e-02,4.049679264426231384e-02,1.283241063356399536e-01,4.608881101012229919e-02,-4.809124395251274109e-02,-4.188445955514907837e-02,1.102542057633399963e-01,-1.201084405183792114e-01
-1.339231804013252258e-02,-1.044300198554992676e-01,-9.983963100239634514e-04,-1.884690113365650177e-02,5.402346607297658920e-03,-3.932451829314231873e-02,-4.479957278817892075e-03,-3.106638975441455841e-02,-3.246743604540824890e-02,-1.019886806607246399e-01
-2.963108383119106293e-02,6.948259472846984863e-02,-4.073645174503326416e-02,-9.122860431671142578e-02,1.194505468010902405e-01,1.503670066595077515e-01,-4.849094524979591370e-02,-1.311120837926864624e-01,-3.155026584863662720e-02,3.747421875596046448e-02
-2.198608592152595520e-02,1.129192933440208435e-01,1.108799129724502563e-01,-3.346365876495838165e-03,3.762839478440582752e-04,9.310201555490493774e-02,4.923701286315917969e-02,6.223597377538681030e-02,-4.283636808395385742e-03,-4.681923892349004745e-03
8.915067464113235474e-02,-4.759067669510841370e-02,-1.082608029246330261e-01,-4.851739108562469482e-02,7.760280370712280273e-02,9.741205722093582153e-02,6.559579819440841675e-02,8.575104922056198120e-02,2.072858065366744995e-02,-1.101863682270050049e-01
-6.350971758365631104e-02,-9.824871271848678589e-02,1.137570515275001526e-01,1.111673638224601746e-01,-7.060263305902481079e-03,1.651929225772619247e-03,1.222005188465118408e-01,-2.669342327862977982e-03,-1.895724982023239136e-02,-3.394024819135665894e-02
-8.660475164651870728e-02,9.115797281265258789e-02,1.145272552967071533e-01,-3.920905664563179016e-02,1.059982366859912872e-02,-7.328235357999801636e-02,1.203018948435783386e-01,-5.133644491434097290e-02,5.095058679580688477e-02,4.686434939503669739e-02
-3.981805220246315002e-02,-1.318659037351608276e-01,9.661764651536941528e-02,-1.093748956918716431e-01,2.959346584975719452e-02,1.048709675669670105e-01,-4.927426204085350037e-02,-1.556877605617046356e-02,-3.936702013015747070e-02,6.421365588903427124e-02
6.644152849912643433e-02,-1.392626017332077026e-01,8.246446400880813599e-02,1.475627422332763672e-01,8.386324346065521240e-02,-7.386284321546554565e-02,-8.677624166011810303e-02,-1.267335861921310425e-01,-3.289708495140075684e-02,-4.220981523394584656e-02
-7.901711016893386841e-02,3.001448512077331543e-02,-6.337661296129226685e-02,1.347154080867767334e-01,1.319094151258468628e-01,1.078750491142272949e-01,-1.449725590646266937e-02,-4.552674945443868637e-04,-1.102893352508544922e-01,3.892795369029045105e-02
9.826774895191192627e-02,-1.745329648256301880e-01,1.306262314319610596e-01,1.832523196935653687e-01,1.385887563228607178e-01,-9.796195477247238159e-02,-5.152612179517745972e-02,-1.125328764319419861e-01,1.129223182797431946e-01,1.163348034024238586e-01
-1.105167251080274582e-02,7.217144966125488281e-02,6.559741497039794922e-02,5.405195802450180054e-02,-9.921201504766941071e-03,-6.444582343101501465e-02,7.897616922855377197e-02,-1.400552690029144287e-01,5.523980781435966492e-02,-1.178621663711965084e-03
4.987386241555213928e-02,-2.748550474643707275e-02,1.566603407263755798e-02,-7.594928890466690063e-02,-7.896485924720764160e-02,1.086887195706367493e-01,-1.189887076616287231e-01,-5.787209141999483109e-03,3.262271732091903687e-02,3.715888038277626038e-02
-8.901113271713256836e-02,2.119555138051509857e-03,-1.064874976873397827e-02,1.247951984405517578e-01,4.704338684678077698e-02,-9.557364392094314098e-04,8.856869488954544067e-02,-1.016419194638729095e-02,7.612874358892440796e-02,9.864951483905315399e-03
5.550264939665794373e-02,1.024174392223358154e-01,8.673124015331268311e-02,1.331479251384735107e-01,4.503590241074562073e-02,2.796642296016216278e-02,4.165561869740486145e-02,4.408638924360275269e-02,2.922304905951023102e-02,-6.321640312671661377e-02
-4.879066348075866699e-02,-1.996878907084465027e-02,-8.261684328317642212e-02,1.540099550038576126e-02,-5.857456102967262268e-02,-8.570585399866104126e-02,-1.006440222263336182e-01,5.957039445638656616e-02,-1.249211505055427551e-01,8.238846436142921448e-03
-1.713158935308456421e-02,7.962474226951599121e-02,-2.335342764854431152e-02,7.840680330991744995e-02,9.731394052505493164e-02,-1.024378016591072083e-01,-7.322253286838531494e-02,-5.600304529070854187e-02,9.960661083459854126e-02,-8.466742932796478271e-02
5.183622986078262329e-02,-1.173070147633552551e-01,-1.863774843513965607e-02,-3.029290400445461273e-02,8.561334013938903809e-02,-8.733396232128143311e-02,9.024938195943832397e-02,-2.266744151711463928e-02,6.864294409751892090e-02,-7.068759202957153320e-02
-6.496769189834594727e-02,-1.415683422237634659e-03,-9.258455038070678711e-02,5.912787280976772308e-03,3.384757041931152344e-02,-5.517250671982765198e-02,5.447479337453842163e-02,-2.972981892526149750e-02,-2.621111087501049042e-02,1.097036004066467285e-01
-4.934426024556159973e-02,-1.192590966820716858e-01,-4.121885076165199280e-02,6.250136345624923706e-02,7.587324827909469604e-02,-7.812388986349105835e-02,1.671190746128559113e-02,2.823803201317787170e-02,7.156614959239959717e-02,-3.470528498291969299e-02
-1.133843958377838135e-01,-2.141802385449409485e-02,-1.015518531203269958e-01,-8.441235125064849854e-02,-6.415957212448120117e-02,-3.181236609816551208e-02,-8.512493222951889038e-02,-1.732045784592628479e-02,-3.063398040831089020e-02,3.591121360659599304e-02
-3.257752954959869385e-02,5.472802743315696716e-02,-1.131724864244461060e-01,2.621370926499366760e-02,-2.313457801938056946e-02,-1.335689797997474670e-02,8.583603799343109131e-02,1.369400322437286377e-01,3.349098190665245056e-02,-4.159671254456043243e-03
3.845720738172531128e-02,7.323679327964782715e-02,6.589827686548233032e-02,-6.785063445568084717e-02,-8.668947219848632812e-02,-1.177368834614753723e-01,-1.657138206064701080e-02,6.486157653853297234e-04,8.720336854457855225e-02,-3.202319145202636719e-02
-1.265474110841751099e-01,5.049707740545272827e-02,3.507832880131900311e-04,8.662094920873641968e-02,-2.934379316866397858e-02,7.099132239818572998e-02,-1.507696211338043213e-01,7.485354691743850708e-02,3.736816719174385071e-02,7.455559819936752319e-02
2.665153704583644867e-02,-2.983504533767700195e-02,3.302761167287826538e-02,-7.006829231977462769e-02,-6.800125539302825928e-02,1.036555320024490356e-01,4.055299982428550720e-02,-8.767546713352203369e-02,1.298486441373825073e-02,-6.522320676594972610e-03
-3.755114227533340454e-02,9.455325454473495483e-02,-2.777394466102123260e-02,2.623786032199859619e-02,-3.483157604932785034e-02,3.387141972780227661e-02,-4.554789140820503235e-02,-1.161209493875503540e-01,5.171374231576919556e-02,-1.327372640371322632e-01
-1.744802668690681458e-02,-1.041710972785949707e-01,5.127311870455741882e-02,8.028893172740936279e-02,7.252830266952514648e-02,8.746945112943649292e-02,-7.670760899782180786e-02,4.626464098691940308e-02,1.371396034955978394e-01,9.399051964282989502e-02
-2.371401293203234673e-03,-7.663344591856002808e-02,-5.284583941102027893e-02,-7.332917302846908569e-02,2.301457151770591736e-02,-8.417810499668121338e-02,-8.389647305011749268e-02,-3.686149045825004578e-02,2.875149622559547424e-02,1.761573739349842072e-02
4.577244818210601807e-02,-8.834151923656463623e-02,6.369876861572265625e-02,1.603117585182189941e-02,-8.800444751977920532e-02,8.291923999786376953e-02,1.179293841123580933e-01,-1.033831387758255005e-01,1.861958531662821770e-03,-7.379933446645736694e-02
-4.273580387234687805e-02,-2.391963452100753784e-02,-1.082689501345157623e-02,9.869474917650222778e-03,-6.462657358497381210e-03,-9.158652275800704956e-02,-8.043950796127319336e-02,-1.153601109981536865e-01,-2.565507218241691589e-02,2.722268458455801010e-03
6.993196904659271240e-02,3.327630460262298584e-02,6.597626954317092896e-03,4.814532026648521423e-02,9.051759727299213409e-03,-6.089779734611511230e-02,-1.137558445334434509e-01,5.264054238796234131e-02,8.736079186201095581e-02,-4.397891834378242493e-02
6.276203691959381104e-02,2.045260742306709290e-02,-7.781042158603668213e-02,-4.076790437102317810e-02,7.847393304109573364e-02,-5.835140123963356018e-02,1.511266175657510757e-02,2.555895783007144928e-02,-1.212545931339263916e-01,-1.965825073421001434e-02
1.942617259919643402e-02,3.297741338610649109e-02,-1.403990015387535095e-02,2.046499773859977722e-02,-1.151553392410278320e-01,-6.973665952682495117e-02,-9.025218337774276733e-02,-2.571265958249568939e-02,-9.996654093265533447e-02,-1.691925711929798126e-02
3.582105785608291626e-02,-1.059162914752960205e-01,1.463608723133802414e-02,-6.002899259328842163e-02,-1.771538145840167999e-02,1.869301125407218933e-02,-7.838375121355056763e-02,4.219732061028480530e-02,1.051415055990219116e-01,4.608631879091262817e-02
8.482828736305236816e-02,-1.013753339648246765e-01,1.028494834899902344e-01,-7.121486961841583252e-02,-1.248026192188262939e-01,-2.499755285680294037e-02,-6.907914578914642334e-02,-7.593797892332077026e-02,-9.627514332532882690e-02,1.261962056159973145e-01
-5.641125142574310303e-03,1.313357651233673096e-01,-3.247783705592155457e-02,-1.561742871999740601e-01,-6.048166379332542419e-02,-4.502130672335624695e-03,3.509261831641197205e-02,1.287595778703689575e-01,-8.427660912275314331e-03,-7.925856858491897583e-02
1.754873804748058319e-02,3.996646776795387268e-02,-7.874704897403717041e-02,1.164905726909637451e-01,-5.764191038906574249e-03,1.173173859715461731e-01,4.019154235720634460e-02,-2.455086819827556610e-02,1.457495987415313721e-01,-2.913890406489372253e-03
-8.216179907321929932e-02,8.753122761845588684e-03,1.866964041255414486e-03,7.151032239198684692e-02,2.590032853186130524e-02,7.996723800897598267e-02,-8.912025392055511475e-02,6.357291340827941895e-02,-2.891741320490837097e-02,-7.586813718080520630e-02
8.901786804199218750e-02,-1.222590170800685883e-02,5.116241984069347382e-03,5.479701235890388489e-02,1.015303432941436768e-01,-1.158877089619636536e-02,1.316195726394653320e-02,-5.196325946599245071e-03,1.017156839370727539e-01,-8.070283383131027222e-02
-1.224760115146636963e-01,1.317258365452289581e-02,-8.464109152555465698e-02,1.809661462903022766e-02,2.677214890718460083e-02,3.705872967839241028e-02,-6.838661432266235352e-02,3.478201851248741150e-02,9.937085956335067749e-02,7.085571438074111938e-02
-3.783765435218811035e-02,6.864400207996368408e-02,9.194304049015045166e-02,-9.146967530250549316e-02,-7.403025776147842407e-02,1.930146478116512299e-02,-9.299121052026748657e-02,-4.148309305310249329e-02,-2.931490726768970490e-02,-1.379324942827224731e-01
5.482347682118415833e-02,1.416001468896865845e-01,7.629738003015518188e-02,1.000672429800033569e-01,-1.012069061398506165e-01,1.032362654805183411e-01,6.264599505811929703e-08,-8.149828761816024780e-02,1.328390985727310181e-01,-7.200442999601364136e-02
-9.962596744298934937e-02,-9.336853772401809692e-02,2.540210820734500885e-02,-7.427583634853363037e-02,7.333169132471084595e-02,7.130236178636550903e-02,-1.952076144516468048e-02,-9.153274819254875183e-03,1.408199816942214966e-01,6.767525523900985718e-02
8.780502527952194214e-02,8.539494872093200684e-02,6.887193024158477783e-02,-1.078097596764564514e-01,-3.598000854253768921e-02,-1.049548462033271790e-01,1.172973364591598511e-01,-1.276472061872482300e-01,6.073246523737907410e-02,1.711902618408203125e-01
9.828205220401287079e-03,1.323781460523605347e-01,8.120322972536087036e-02,3.157921135425567627e-02,-4.205202683806419373e-02,-1.346670556813478470e-03,8.506938070058822632e-02,-1.085800752043724060e-01,-4.492158070206642151e-02,4.437938705086708069e-02
8.268580585718154907e-02,-1.982148550450801849e-02,-5.899985507130622864e-02,1.260000765323638916e-01,-1.142691448330879211e-01,-7.797460258007049561e-02,-3.592259436845779419e-02,-5.087496712803840637e-02,1.119122579693794250e-01,1.036440655589103699e-01
-7.521564513444900513e-02,-1.007331237196922302e-01,-3.795032575726509094e-02,-7.970966398715972900e-02,3.756446298211812973e-03,-1.128681302070617676e-01,-8.811245858669281006e-02,3.436585515737533569e-02,2.896252274513244629e-02,5.150912329554557800e-02
1.043378040194511414e-01,-1.515538543462753296e-01,-1.138455979526042938e-02,-1.137996688485145569e-01,-9.061893075704574585e-02,-6.130529940128326416e-02,4.420930892229080200e-02,8.683452755212783813e-02,3.469822183251380920e-02,3.098999150097370148e-02
3.892134875059127808e-02,-6.495165871456265450e-04,1.382644772529602051e-01,8.348226547241210938e-02,2.051203139126300812e-02,3.566821292042732239e-02,-4.438822343945503235e-02,-6.507783383131027222e-02,-4.767537117004394531e-02,-1.400643885135650635e-01
-3.812872618436813354e-02,4.136257618665695190e-02,4.775078967213630676e-02,1.071470454335212708e-01,-7.969152927398681641e-02,-5.966858193278312683e-02,7.708867639303207397e-02,1.921858638525009155e-02,1.661549806594848633e-01,-1.158967986702919006e-01
-4.051494761370122433e-04,-1.336926817893981934e-01,1.921019889414310455e-02,6.712929904460906982e-02,-2.141493558883666992e-02,-6.851727515459060669e-02,7.735013216733932495e-02,4.402359481900930405e-03,7.333385944366455078e-02,-3.018135949969291687e-02
4.787826165556907654e-02,1.112181618809700012e-01,-7.299408316612243652e-02,-7.492508739233016968e-02,-1.405725162476301193e-02,7.234327495098114014e-02,-1.017025411128997803e-01,-2.217695489525794983e-02,-1.201624516397714615e-02,1.318386942148208618e-01
5.346772819757461548e-02,5.991116166114807129e-02,1.596312224864959717e-02,3.923920542001724243e-02,7.400692999362945557e-02,-1.176220104098320007e-01,-9.520253539085388184e-02,-2.510981261730194092e-02,2.334211766719818115e-02,-1.128252875059843063e-02
2.726191468536853790e-02,3.063647891394793987e-04,-2.409275807440280914e-02,1.124888136982917786e-01,9.977588057518005371e-02,4.932060837745666504e-02,-5.386855825781822205e-02,1.005216687917709351e-01,-2.702755853533744812e-03,2.060436084866523743e-02
8.928266912698745728e-02,-1.057327240705490112e-01,-5.186355113983154297e-02,8.224290609359741211e-02,2.592446655035018921e-02,-7.318142056465148926e-02,-5.500267818570137024e-02,-1.084603145718574524e-01,-1.661220751702785492e-02,-5.737997591495513916e-02
6.098527833819389343e-02,-1.068783253431320190e-01,2.654529362916946411e-02,4.495491087436676025e-02,-8.972325921058654785e-02,-1.758639886975288391e-02,9.587054699659347534e-02,-2.874586358666419983e-02,-9.298392385244369507e-02,3.318317467346787453e-03
1.068034991621971130e-01,1.157744973897933960e-02,-4.550915583968162537e-02,-6.901019811630249023e-02,8.338715136051177979e-02,-1.130740996450185776e-02,-3.620251547545194626e-03,-4.056006669998168945e-02,6.031441688537597656e-02,4.223317652940750122e-02
-1.987126469612121582e-02,-1.451770402491092682e-02,7.186067849397659302e-02,9.502096474170684814e-02,1.262944191694259644e-01,6.403017789125442505e-02,-5.126757547259330750e-02,5.832779780030250549e-02,1.136723905801773071e-01,2.087962441146373749e-02
7.802316546440124512e-02,8.406279981136322021e-02,-6.857570260763168335e-02,1.291212886571884155e-01,8.156923949718475342e-02,9.334284812211990356e-02,-1.198655515909194946e-01,-1.301541179418563843e-01,1.071022241376340389e-03,3.263582289218902588e-02
-7.229516748338937759e-03,1.211632117629051208e-01,-4.316344112157821655e-02,1.448845304548740387e-02,9.553454816341400146e-02,-3.580711781978607178e-02,-6.297089904546737671e-02,-1.005681902170181274e-01,9.502663277089595795e-03,-3.146354854106903076e-02
-5.438941996544599533e-03,-4.087543487548828125e-02,-2.155212499201297760e-02,-4.490185156464576721e-02,-2.397979423403739929e-02,1.347629427909851074e-01,5.064980685710906982e-02,2.239590510725975037e-02,1.656731665134429932e-01,-6.733264029026031494e-02
2.623373642563819885e-02,-5.353821814060211182e-02,-2.704370953142642975e-02,-8.002334833145141602e-02,2.917400933802127838e-02,-6.950023770332336426e-02,-1.213120073080062866e-01,-7.345722522586584091e-03,3.237374871969223022e-02,-1.028471365571022034e-01
7.713308185338973999e-02,-7.811610400676727295e-02,-9.128803387284278870e-03,3.718707337975502014e-02,5.363233014941215515e-02,4.019543528556823730e-02,-6.719375401735305786e-02,-1.218470185995101929e-01,-7.635855115950107574e-03,-5.531803146004676819e-02
4.243304207921028137e-02,9.049219638109207153e-02,9.940560907125473022e-02,-5.467739328742027283e-02,1.703491993248462677e-02,-6.802190095186233521e-02,8.219418115913867950e-03,6.834302842617034912e-02,1.386866867542266846e-01,-2.240958996117115021e-02
8.663947880268096924e-02,1.813692040741443634e-02,-3.419379517436027527e-02,5.913943424820899963e-02,-8.078554272651672363e-02,1.081127673387527466e-01,-3.671393496915698051e-03,-2.712859399616718292e-02,-9.851644188165664673e-02,2.849221043288707733e-02
8.796551823616027832e-02,9.655408561229705811e-02,9.774624556303024292e-02,5.697067826986312866e-02,-2.707712352275848389e-02,-2.499064430594444275e-02,-6.412005424499511719e-02,-1.323538124561309814e-01,-7.359489798545837402e-02,-8.948773890733718872e-02
-7.053712010383605957e-02,1.162890642881393433e-01,4.884709045290946960e-02,1.876033097505569458e-02,-8.908720314502716064e-02,-1.163500398397445679e-01,6.887240707874298096e-02,-9.432188421487808228e-02,-1.222329586744308472e-01,-5.183905735611915588e-02
-5.752848833799362183e-02,-1.329101994633674622e-02,-1.010905578732490540e-01,-3.859217464923858643e-02,-1.131433174014091492e-01,5.659418180584907532e-02,7.840602844953536987e-02,7.771597802639007568e-02,3.420121595263481140e-02,-4.909743368625640869e-02
-2.643099799752235413e-02,1.142246350646018982e-01,3.363344445824623108e-02,-9.002968668937683105e-02,1.013461798429489136e-01,1.196753233671188354e-01,8.626904338598251343e-02,6.263951212167739868e-02,-3.837969154119491577e-02,4.945686459541320801e-02
1.197128370404243469e-01,1.264501363039016724e-01,-7.989923655986785889e-02,3.405037894845008850e-02,-8.555541932582855225e-02,-1.001512855291366577e-01,7.901632040739059448e-02,2.947902493178844452e-02,-1.163759753108024597e-01,-4.402375593781471252e-02
8.391094952821731567e-02,1.417972445487976074e-01,-1.988677233457565308e-01,-1.557302325963973999e-01,-1.460482086986303329e-02,-9.370479732751846313e-02,6.164657697081565857e-02,-8.083529025316238403e-02,6.998074054718017578e-02,1.281611323356628418e-01
4.029327258467674255e-02,2.278125658631324768e-02,-8.207499980926513672e-03,-7.983861118555068970e-02,-3.326568752527236938e-02,-1.042272150516510010e-01,-1.189038157463073730e-02,6.093988195061683655e-02,-6.757490336894989014e-02,6.084830965846776962e-03
1.151556447148323059e-01,1.857434958219528198e-02,-1.068755164742469788e-01,3.179655596613883972e-02,6.803680956363677979e-02,6.845616549253463745e-02,7.037872821092605591e-02,8.651710301637649536e-02,-9.542169980704784393e-03,-8.564536273479461670e-02
-9.825577959418296814e-03,-1.004334539175033569e-01,-5.459726601839065552e-02,-2.227640897035598755e-02,2.940841019153594971e-02,-4.001076146960258484e-02,-2.266941592097282410e-03,1.747380383312702179e-02,-1.109507605433464050e-01,7.575860619544982910e-02
-1.194072812795639038e-01,9.146635234355926514e-02,7.554220408201217651e-02,5.439131334424018860e-02,-4.299405589699745178e-02,-1.277825683355331421e-01,-6.701304763555526733e-02,-1.519802771508693695e-02,-1.019578278064727783e-01,-1.127121970057487488e-01
-1.074216663837432861e-01,5.746670067310333252e-03,-7.122848927974700928e-02,9.022557735443115234e-02,-6.653205957263708115e-03,-7.644299417734146118e-02,9.433125704526901245e-02,-7.060974091291427612e-02,-1.010239943861961365e-01,-1.478753983974456787e-02
-7.272472977638244629e-02,-8.884475380182266235e-02,1.151086464524269104e-01,-9.623699635267257690e-02,2.101169712841510773e-02,3.250430896878242493e-02,-1.642712950706481934e-02,2.719344384968280792e-02,4.055636469274759293e-03,6.618607044219970703e-02
-1.119704395532608032e-01,-1.949220895767211914e-02,-4.349065199494361877e-02,-2.629175409674644470e-02,-1.470658555626869202e-02,-5.116595700383186340e-02,-9.798823297023773193e-02,-4.524292051792144775e-02,-8.546460419893264771e-02,5.073165148496627808e-02
-1.223569437861442566e-01,-1.142590269446372986e-01,-2.133939124178141356e-04,-9.134089946746826172e-02,7.159451395273208618e-02,-3.172641992568969727e-02,1.076281890273094177e-01,-5.743369460105895996e-02,-3.997351229190826416e-02,-6.678745150566101074e-02
4.413266107439994812e-02,1.585752889513969421e-02,1.532693486660718918e-02,8.392623811960220337e-02,-1.060234606266021729e-01,-6.008974835276603699e-02,-6.911862641572952271e-02,1.149732619524002075e-01,5.945296213030815125e-02,6.501052528619766235e-02
9.754820913076400757e-02,5.694769322872161865e-02,1.100661307573318481e-01,-9.945743530988693237e-02,-1.266765445470809937e-01,-9.132348746061325073e-02,-6.802606582641601562e-02,-6.384629011154174805e-02,9.944685548543930054e-02,2.346779964864253998e-02
6.891907006502151489e-02,5.537439137697219849e-02,-7.335107773542404175e-02,9.700300544500350952e-02,-4.976789653301239014e-02,-1.189587712287902832e-01,4.825310781598091125e-02,6.743121892213821411e-02,-8.829663693904876709e-02,-8.725631982088088989e-02
-3.809813410043716431e-02,-1.743273809552192688e-02,-7.219643145799636841e-02,-5.954232811927795410e-02,-6.189686432480812073e-02,6.653060764074325562e-02,2.726251818239688873e-02,-6.220102310180664062e-02,-1.372109055519104004e-01,-2.796060405671596527e-02
-1.108979284763336182e-01,-9.426304697990417480e-02,4.920550063252449036e-02,-2.722521871328353882e-02,2.181310765445232391e-02,-7.429324835538864136e-02,1.006225422024726868e-01,-1.280648410320281982e-01,8.378436416387557983e-02,2.222477458417415619e-02
8.017919957637786865e-03,9.331028908491134644e-02,-7.010766863822937012e-02,1.240287572145462036e-01,-1.962979789823293686e-03,1.163782831281423569e-02,-7.763660699129104614e-02,-1.495773792266845703e-01,6.164034456014633179e-02,-2.640514448285102844e-02
-1.202614307403564453e-01,2.224781922996044159e-02,2.417878620326519012e-02,5.096515640616416931e-02,6.252086162567138672e-02,9.902179986238479614e-02,-7.301807403564453125e-02,-1.019337251782417297e-01,4.788157343864440918e-02,5.996218323707580566e-02
8.268544822931289673e-02,-7.958646863698959351e-02,-4.747653752565383911e-02,1.021315008401870728e-01,-1.892987266182899475e-02,-6.255406886339187622e-02,-9.930554777383804321e-02,-8.302982896566390991e-03,1.079715788364410400e-01,-6.395523995161056519e-02
7.138182222843170166e-02,-1.638819277286529541e-02,2.563156560063362122e-02,-8.126571029424667358e-02,7.597164809703826904e-02,-5.281848087906837463e-02,1.257721483707427979e-01,-7.019674032926559448e-02,8.965110778808593750e-02,9.404227137565612793e-02
-8.862043172121047974e-02,-7.192687690258026123e-02,7.675982266664505005e-02,6.710980087518692017e-02,1.908580213785171509e-02,-8.653186261653900146e-02,-2.664304524660110474e-02,-5.087570101022720337e-02,-7.103376090526580811e-02,-4.138350114226341248e-02
2.750595472753047943e-02,8.141606114804744720e-03,-9.645722061395645142e-02,4.736989736557006836e-02,-2.055043296422809362e-05,-4.449940472841262817e-02,1.060926318168640137e-01,5.566523876041173935e-03,1.645577489398419857e-03,2.425329014658927917e-02
-5.798605084419250488e-02,-2.657148800790309906e-02,-8.005463331937789917e-02,-1.327054947614669800e-02,1.555770821869373322e-02,-3.689893707633018494e-02,1.923951692879199982e-02,-4.891884326934814453e-02,2.969421446323394775e-03,-3.204696252942085266e-02
6.708746403455734253e-02,5.617791414260864258e-02,-2.367634698748588562e-02,5.487993359565734863e-03,2.425717003643512726e-02,9.058827161788940430e-02,6.462399661540985107e-02,9.681247174739837646e-02,-5.749097093939781189e-02,1.105001196265220642e-01
9.381762146949768066e-02,-8.208486437797546387e-02,-6.589008867740631104e-02,8.618835359811782837e-02,-6.445841863751411438e-03,-2.402613870799541473e-02,1.022668480873107910e-01,5.027974024415016174e-02,-1.521499548107385635e-02,-1.232204139232635498e-01
-2.463692240417003632e-02,-2.875921875238418579e-02,1.637879759073257446e-02,5.631913617253303528e-02,9.917481243610382080e-02,6.073699891567230225e-02,-8.552523329854011536e-03,-4.807727038860321045e-02,-6.737552583217620850e-02,-1.275060772895812988e-01
-1.017849147319793701e-01,4.781009256839752197e-02,1.170080304145812988e-01,8.288627117872238159e-02,1.091068163514137268e-01,9.168231487274169922e-02,-1.020517945289611816e-01,-3.736978396773338318e-02,-3.789568319916725159e-03,1.148333773016929626e-01
-7.785473763942718506e-02,1.011439561843872070e-01,-6.668879836797714233e-02,5.140807479619979858e-02,1.305212527513504028e-01,-6.476511806249618530e-02,5.725390836596488953e-02,6.164040789008140564e-02,-4.291092976927757263e-02,3.072026185691356659e-02
7.564995437860488892e-03,-9.445758908987045288e-02,4.032729193568229675e-02,-1.351874768733978271e-01,3.114516288042068481e-02,-4.475774243474006653e-02,-5.884549766778945923e-02,-1.050414294004440308e-01,-9.095806628465652466e-02,9.552903473377227783e-02
5.414487421512603760e-02,9.621761739253997803e-02,-8.125268667936325073e-02,-2.162968926131725311e-02,5.097438767552375793e-02,-1.223613768815994263e-01,6.102359294891357422e-02,5.474885925650596619e-02,1.399299968034029007e-02,1.022135615348815918e-01
-8.593639731407165527e-02,-1.271611312404274940e-03,4.509456083178520203e-02,5.766025558114051819e-02,1.702937856316566467e-02,6.592997908592224121e-02,9.307895600795745850e-02,-8.212861418724060059e-02,-1.013718619942665100e-01,1.086666658520698547e-01
1.293342709541320801e-01,7.802281528711318970e-02,6.888222694396972656e-02,-9.693799912929534912e-02,8.471050113439559937e-02,-4.419029504060745239e-02,5.690246820449829102e-03,2.413635328412055969e-02,5.536520108580589294e-02,2.903056144714355469e-02
3.262680023908615112e-02,-1.056520938873291016e-01,-1.413792818784713745e-01,-5.738307908177375793e-02,-6.713402271270751953e-02,-1.065085306763648987e-01,1.316162645816802979e-01,1.319326758384704590e-01,1.992782205343246460e-02,-4.425092414021492004e-02
6.944103538990020752e-02,8.450621366500854492e-02,-7.334284484386444092e-02,-1.047946438193321228e-01,9.351728111505508423e-02,7.446160912513732910e-02,1.739065162837505341e-02,9.387571364641189575e-02,8.220035582780838013e-02,-5.333663523197174072e-02
-1.223925352096557617e-01,-1.327954679727554321e-01,-9.911661595106124878e-02,-1.261033862829208374e-01,-3.262859210371971130e-02,5.756553262472152710e-02,7.652695477008819580e-02,-9.396250545978546143e-02,5.478955060243606567e-02,-1.081562265753746033e-01
8.524338901042938232e-02,7.284940034151077271e-02,-2.491191588342189789e-02,-1.412358731031417847e-01,8.283063024282455444e-02,-9.147708117961883545e-02,1.516892611980438232e-01,1.189602389931678772e-01,2.472614124417304993e-02,8.583052456378936768e-02
-1.282275188714265823e-02,-5.120550841093063354e-02,-6.288620084524154663e-02,-1.083053946495056152e-01,-7.243063766509294510e-03,-1.097028851509094238e-01,8.531919866800308228e-02,1.354861538857221603e-03,1.286820471286773682e-01,-7.704181969165802002e-02
1.386526674032211304e-01,-1.407938078045845032e-02,2.225144766271114349e-02,1.182896941900253296e-01,2.366565540432929993e-02,-9.961691498756408691e-02,-1.085380837321281433e-01,1.489412486553192139e-01,-1.289170831441879272e-01,-1.231035124510526657e-02
1.150955334305763245e-01,9.989128261804580688e-02,-3.387584909796714783e-02,6.216615065932273865e-02,9.379830956459045410e-02,-4.505576938390731812e-02,-7.712171971797943115e-02,2.952487207949161530e-02,-1.253341790288686752e-02,-5.736488848924636841e-02
-7.263047248125076294e-02,-8.057764172554016113e-02,-1.034448370337486267e-01,1.219891831278800964e-01,-4.480481892824172974e-02,6.067918241024017334e-02,-1.273957490921020508e-01,1.247806549072265625e-01,-2.256917767226696014e-02,-9.750703722238540649e-02
8.633618056774139404e-02,4.570114985108375549e-02,-3.769175708293914795e-02,7.404325157403945923e-02,-4.072990268468856812e-03,1.175421103835105896e-02,8.395253866910934448e-02,4.454105719923973083e-02,4.985147342085838318e-02,-6.430693715810775757e-02
-1.841455698013305664e-02,-6.698658317327499390e-02,-1.001389026641845703e-01,8.801668137311935425e-02,-8.960893005132675171e-02,4.205651581287384033e-02,-4.100702702999114990e-02,-2.753867395222187042e-02,-1.410431414842605591e-01,-1.132611930370330811e-01
1.257211863994598389e-01,-1.130687370896339417e-01,-5.651516839861869812e-02,-6.131858751177787781e-02,5.115953460335731506e-02,7.544436305761337280e-02,9.025487303733825684e-02,-5.620662495493888855e-02,-8.905456215143203735e-02,1.112644895911216736e-01
-2.744069695472717285e-02,7.252737879753112793e-02,-1.322073638439178467e-01,-8.236845582723617554e-02,5.065316334366798401e-02,1.009058579802513123e-01,7.933291792869567871e-02,-1.030048131942749023e-01,7.339317351579666138e-02,-7.894119620323181152e-02
1.493299305438995361e-01,-6.963782012462615967e-02,1.159786805510520935e-01,2.352286875247955322e-02,9.626671671867370605e-02,9.519051015377044678e-02,-2.199122495949268341e-02,5.023611709475517273e-02,1.077043637633323669e-01,-8.287999778985977173e-02
1.263652890920639038e-01,7.691877335309982300e-02,2.980056218802928925e-02,8.602757751941680908e-02,-6.859380006790161133e-02,1.860745623707771301e-02,4.606867209076881409e-02,5.566448345780372620e-02,4.015990346670150757e-02,-2.793744206428527832e-03
9.524377435445785522e-02,-9.032194316387176514e-02,1.282850354909896851e-01,6.357168778777122498e-03,1.333370059728622437e-01,-6.253403425216674805e-02,-7.602271437644958496e-02,7.469854503870010376e-02,9.166868031024932861e-02,-2.820767834782600403e-02
7.002690434455871582e-02,1.155052892863750458e-02,1.928848330862820148e-03,1.127349957823753357e-01,-2.322461828589439392e-02,-6.587675213813781738e-02,-8.873321861028671265e-02,-6.671229004859924316e-02,6.039983406662940979e-02,-3.671692311763763428e-02
1.254949867725372314e-01,-1.337278261780738831e-02,1.434422880411148071e-01,-7.441081106662750244e-02,-1.122986432164907455e-02,7.910753786563873291e-02,3.774354234337806702e-02,-1.228429935872554779e-02,1.108666211366653442e-01,-3.226669132709503174e-02
-8.762137033045291901e-03,8.117248862981796265e-02,1.248114481568336487e-01,8.579540252685546875e-02,-4.213893413543701172e-02,1.257097870111465454e-01,-6.126047670841217041e-02,-9.616845846176147461e-02,1.439888179302215576e-01,-1.903776079416275024e-02
7.724974304437637329e-02,-1.280386149883270264e-01,-4.184534773230552673e-02,-4.738124832510948181e-02,-8.065088093280792236e-02,3.133457899093627930e-02,1.187603846192359924e-01,3.542717173695564270e-02,1.826158165931701660e-02,6.572151184082031250e-02
-2.874820120632648468e-02,9.051138162612915039e-02,-5.784603208303451538e-02,-2.084784768521785736e-02,-1.112000457942485809e-02,4.081905633211135864e-02,1.125113200396299362e-02,2.361825108528137207e-02,-4.753612913191318512e-03,-3.173284232616424561e-02
2.606139890849590302e-02,-3.771740198135375977e-02,-3.386050462722778320e-02,4.574526846408843994e-02,-8.627309650182723999e-02,-6.674866378307342529e-02,-3.022137470543384552e-02,-1.250829994678497314e-01,-4.911061003804206848e-02,-9.010583907365798950e-02
6.529004126787185669e-02,4.900038987398147583e-02,2.320998907089233398e-02,5.641450360417366028e-02,2.421542070806026459e-02,-2.598354592919349670e-02,6.770432740449905396e-02,-4.495564475655555725e-02,6.567212194204330444e-02,-1.392929106950759888e-01
3.118620067834854126e-02,5.430520325899124146e-02,4.997397214174270630e-02,-6.399868428707122803e-02,1.109568402171134949e-01,3.519551828503608704e-02,-6.441840529441833496e-02,2.303930744528770447e-02,-5.753131210803985596e-02,3.267190977931022644e-02
5.637572333216667175e-02,6.676068156957626343e-02,6.074674427509307861e-02,-5.735448561608791351e-03,-5.074300244450569153e-02,4.491914063692092896e-03,4.480995237827301025e-02,7.085200399160385132e-02,-2.058728784322738647e-02,-2.132687950506806374e-03
3.978003561496734619e-02,-1.750473864376544952e-02,-6.783193349838256836e-02,-4.642949253320693970e-02,-1.121313311159610748e-02,-1.706924103200435638e-02,-1.115020662546157837e-01,8.436836302280426025e-03,3.485986217856407166e-02,-6.829990446567535400e-02
-1.283165961503982544e-01,-6.207757070660591125e-02,1.252524089068174362e-02,1.329822689294815063e-01,-1.107191145420074463e-01,-3.652302175760269165e-02,-7.994011975824832916e-03,6.359491497278213501e-02,9.272301569581031799e-03,-6.678329408168792725e-02
-4.381375014781951904e-02,6.289976090192794800e-02,1.074242070317268372e-01,-1.107678934931755066e-01,8.194861561059951782e-02,-3.349127620458602905e-02,2.260448783636093140e-02,1.102321520447731018e-01,2.758031338453292847e-02,-6.837017834186553955e-02
-1.081959679722785950e-01,2.996886521577835083e-02,-8.273217082023620605e-02,7.688728719949722290e-02,9.611558169126510620e-02,-3.500021994113922119e-03,5.246810615062713623e-03,-1.049873083829879761e-01,-9.255649149417877197e-02,2.213401347398757935e-02
