3.064193390309810638e-02,9.030186384916305542e-02,-8.170308917760848999e-02,-1.252104155719280243e-02,-8.973772078752517700e-02,2.781649306416511536e-02,-1.132031381130218506e-01,3.922383487224578857e-02,-7.189407944679260254e-02,-1.507164444774389267e-02
6.612466275691986084e-02,9.459953010082244873e-02,9.351679123938083649e-03,-5.690327659249305725e-02,-2.015635184943675995e-02,1.950920931994915009e-02,4.761899635195732117e-02,-7.698012143373489380e-02,-1.169021278619766235e-01,-4.109812900424003601e-02
1.181977391242980957e-01,9.455405175685882568e-02,-9.874094277620315552e-02,1.012234240770339966e-01,-4.083239659667015076e-02,3.108894824981689453e-02,-1.200367435812950134e-01,6.633587926626205444e-02,-9.402660280466079712e-02,9.947660565376281738e-02
-1.074695140123367310e-01,9.577815234661102295e-02,2.589151635766029358e-02,2.866887487471103668e-02,-1.090864301659166813e-03,-5.514919012784957886e-02,4.302776232361793518e-02,7.763399928808212280e-02,1.202395651489496231e-02,5.538129433989524841e-02
-9.500215202569961548e-02,-6.227690726518630981e-02,-5.028808489441871643e-02,5.763930454850196838e-02,-4.864839464426040649e-02,-8.291106671094894409e-02,4.373256489634513855e-02,4.018120467662811279e-02,5.714891478419303894e-02,5.759352445602416992e-02
8.561831712722778320e-02,-2.440206892788410187e-02,1.976578868925571442e-02,7.307270541787147522e-03,-1.030830144882202148e-01,9.746719151735305786e-02,7.458530366420745850e-02,8.545701950788497925e-02,1.156539320945739746e-01,6.485395878553390503e-02
-1.049906611442565918e-01,6.827503442764282227e-02,-2.602499164640903473e-02,-2.360156178474426270e-02,5.673035606741905212e-02,9.267916530370712280e-02,-1.738550513982772827e-02,-5.453253909945487976e-02,1.236223131418228149e-01,2.026173099875450134e-02
2.893856912851333618e-02,-3.796612843871116638e-02,2.355707064270973206e-02,1.139958277344703674e-01,1.008198857307434082e-01,5.739610269665718079e-02,-1.168067902326583862e-01,7.109200209379196167e-02,1.172768846154212952e-01,7.979983091354370117e-02
8.551219105720520020e-02,8.379858732223510742e-02,-5.204418674111366272e-02,-5.875276401638984680e-02,-3.186108171939849854e-02,2.316519990563392639e-02,-4.866601899266242981e-02,-1.540954690426588058e-02,-8.259921520948410034e-02,-7.922495901584625244e-02
-6.028620991855859756e-04,-7.112956792116165161e-02,1.294939196668565273e-03,6.914334837347269058e-03,1.134496554732322693e-01,7.328405976295471191e-02,-3.064212948083877563e-02,1.042934954166412354e-01,-1.001172885298728943e-02,-6.454101204872131348e-02
-8.666926622390747070e-02,-7.408303767442703247e-02,5.948456469923257828e-03,-7.790381461381912231e-02,4.897177591919898987e-02,7.739583402872085571e-02,3.219199180603027344e-02,-5.673279613256454468e-02,-4.757230728864669800e-02,6.290608644485473633e-02
-8.705207705497741699e-02,2.018981240689754486e-02,7.876793295145034790e-02,-4.383062943816184998e-02,-2.721993438899517059e-02,6.254655867815017700e-02,1.405230443924665451e-02,-1.081608906388282776e-01,-6.854059547185897827e-02,-8.218072354793548584e-02
2.651002816855907440e-02,2.215630002319812775e-02,9.418906271457672119e-02,9.431594610214233398e-02,3.096195496618747711e-02,-2.134465612471103668e-02,3.949990496039390564e-02,2.457162551581859589e-02,-3.913105651736259460e-02,6.240765377879142761e-02
-3.311323747038841248e-02,-4.460431262850761414e-02,-2.135390974581241608e-02,-4.564777016639709473e-03,3.030005283653736115e-02,1.152727603912353516e-01,-2.303847484290599823e-02,-4.062419384717941284e-02,1.113161668181419373e-01,2.809863910079002380e-02
9.734548628330230713e-02,1.067921593785285950e-01,3.168734954670071602e-03,4.955064877867698669e-02,-1.048881784081459045e-01,-7.437827438116073608e-02,-1.103868987411260605e-02,7.029289752244949341e-02,1.557694096118211746e-02,3.204566985368728638e-02
-1.123379990458488464e-01,7.258184254169464111e-02,-5.193133652210235596e-02,-4.630137234926223755e-02,4.636602103710174561e-02,9.187865257263183594e-02,4.363899305462837219e-02,-3.523232415318489075e-02,-3.562317416071891785e-02,1.131733059883117676e-01
-9.007690846920013428e-02,3.925059735774993896e-02,1.148442327976226807e-01,1.083667278289794922e-01,7.729585468769073486e-02,-9.008785337209701538e-02,-1.133634448051452637e-01,-8.850866556167602539e-02,8.685827255249023438e-02,-1.005762666463851929e-01
1.009290367364883423e-01,7.366804033517837524e-02,-9.869355708360671997e-02,1.080031245946884155e-01,-3.924614191055297852e-02,4.356764256954193115e-03,2.854289487004280090e-02,-9.243015199899673462e-02,8.995738625526428223e-02,-6.346913427114486694e-02
-1.771732582710683346e-03,-1.083242893218994141e-01,-1.153931990265846252e-01,6.621380895376205444e-02,-3.981409221887588501e-02,2.266312390565872192e-02,8.544217795133590698e-02,-1.101530343294143677e-01,4.294430837035179138e-03,2.670716121792793274e-02
4.572755098342895508e-02,3.029664419591426849e-02,6.844373047351837158e-02,7.633371651172637939e-02,-1.114581003785133362e-01,-4.122826457023620605e-02,-1.304543297737836838e-02,8.921562694013118744e-03,1.188288442790508270e-02,6.446652859449386597e-02
-7.970119267702102661e-02,1.660154387354850769e-02,2.319172956049442291e-02,-7.016155123710632324e-02,6.787817925214767456e-02,3.537239879369735718e-02,8.480086177587509155e-02,-4.762117937207221985e-02,-3.796110302209854126e-02,8.314412087202072144e-02
7.107369136065244675e-03,-1.009159982204437256e-01,-1.167125478386878967e-01,1.200212761759757996e-01,1.629426702857017517e-02,-7.790375500917434692e-02,6.618445366621017456e-02,9.201846271753311157e-02,-6.253793090581893921e-02,1.232943758368492126e-01
-1.302916090935468674e-02,-2.644500695168972015e-02,-4.412901401519775391e-02,1.315862522460520267e-03,-1.158210411667823792e-01,5.895661562681198120e-02,-6.434985436499118805e-03,-8.515683561563491821e-02,1.231878176331520081e-01,-6.374853849411010742e-02
6.135508045554161072e-02,3.652360662817955017e-02,-7.711850851774215698e-02,6.603366881608963013e-02,9.982550889253616333e-02,-1.204522922635078430e-01,-8.386527001857757568e-02,-1.343766041100025177e-02,-2.253353595733642578e-02,-1.843746751546859741e-02
5.614233762025833130e-02,-2.592398039996623993e-02,-6.298760324716567993e-02,-8.840746432542800903e-02,1.012933254241943359e-01,6.351868063211441040e-02,-9.930608421564102173e-02,-6.765181571245193481e-02,-1.061885207891464233e-01,-8.919884264469146729e-02
-1.031372100114822388e-01,-7.429422438144683838e-02,5.013618990778923035e-02,2.278488315641880035e-02,8.724866062402725220e-02,-6.992425769567489624e-02,1.554907206445932388e-02,4.991353023797273636e-03,-8.872531354427337646e-02,3.195640072226524353e-02
8.834559470415115356e-02,-1.276978175155818462e-03,1.075012013316154480e-01,-1.025564670562744141e-01,1.048278808593750000e-01,5.128910019993782043e-02,1.100901663303375244e-01,6.373497098684310913e-02,-6.839523464441299438e-02,1.187368482351303101e-01
-1.021194607019424438e-01,-1.663875766098499298e-02,-1.202842369675636292e-01,2.228483557701110840e-02,4.837809596210718155e-03,1.081787273287773132e-01,8.828476071357727051e-02,1.149758622050285339e-01,-1.045017689466476440e-01,2.291073650121688843e-02
-8.672213181853294373e-03,-1.486583147197961807e-03,6.903434544801712036e-02,8.610176295042037964e-02,-1.227122992277145386e-01,-6.130418181419372559e-02,5.243559181690216064e-02,1.209896877408027649e-01,-5.859680101275444031e-02,4.329761862754821777e-02
2.061525173485279083e-02,1.028401777148246765e-01,1.776243560016155243e-02,-2.803386189043521881e-02,1.981533691287040710e-02,6.420488655567169189e-02,3.795862663537263870e-03,-5.786307156085968018e-02,1.007052212953567505e-01,-8.291087299585342407e-02
7.580832578241825104e-03,1.840537786483764648e-02,-1.149943098425865173e-01,-2.050176076591014862e-02,-9.973451495170593262e-03,1.214943826198577881e-01,7.024734467267990112e-02,8.443759381771087646e-02,-7.488484028726816177e-03,5.240496830083429813e-04
-7.489046454429626465e-02,-8.029849082231521606e-02,-7.314673811197280884e-02,-2.573280595242977142e-02,-1.028953567147254944e-01,-1.187164112925529480e-01,-1.259083300828933716e-02,-1.121287196874618530e-01,6.923965364694595337e-02,3.219354897737503052e-03
8.845004439353942871e-02,-7.256020605564117432e-02,-5.239808466285467148e-03,3.519155457615852356e-02,4.015728086233139038e-02,-1.693098433315753937e-02,2.576221711933612823e-03,-6.719060987234115601e-02,-1.083871871232986450e-01,2.816850692033767700e-02
-5.287740752100944519e-02,-5.760329961776733398e-02,-8.104562759399414062e-02,4.719234071671962738e-03,-1.077271625399589539e-01,-9.039118885993957520e-02,8.088900148868560791e-02,2.467263117432594299e-02,1.212521791458129883e-01,-3.754654154181480408e-02
-3.393878415226936340e-02,-5.357490107417106628e-02,4.519832134246826172e-02,1.801886595785617828e-02,-2.283779159188270569e-02,-8.671263605356216431e-02,2.256696484982967377e-02,9.699365496635437012e-02,-1.291799079626798630e-02,7.565884292125701904e-02
1.186060756444931030e-01,-1.106202322989702225e-02,-4.247353225946426392e-02,1.161442622542381287e-01,1.008728146553039551e-01,9.699387103319168091e-02,-1.231477782130241394e-01,1.481477916240692139e-02,2.970405668020248413e-02,-5.575531348586082458e-02
-9.417150914669036865e-02,5.270282179117202759e-02,8.206945657730102539e-02,-1.413800287991762161e-02,-1.297291740775108337e-02,-1.757313124835491180e-02,-1.578234881162643433e-02,1.442879904061555862e-03,-5.179566144943237305e-02,8.797653019428253174e-02
2.007766440510749817e-02,-1.028370931744575500e-01,-2.613639645278453827e-02,1.036883220076560974e-01,2.273471467196941376e-02,1.173059921711683273e-02,9.810151159763336182e-02,-1.006921157240867615e-01,4.158337414264678955e-02,1.881900243461132050e-02
-3.683882951736450195e-02,7.442379742860794067e-02,1.162642985582351685e-01,1.909649372100830078e-02,1.146764382719993591e-01,4.195818677544593811e-02,-1.112330984324216843e-02,-3.881893306970596313e-02,9.551043808460235596e-02,-5.659792572259902954e-02
-7.243347167968750000e-02,7.802945375442504883e-02,-9.445640444755554199e-02,3.402701020240783691e-02,9.549758583307266235e-02,4.146733880043029785e-02,-5.657995119690895081e-02,-9.665237367153167725e-02,6.742095947265625000e-02,3.362151607871055603e-02
1.181252971291542053e-01,6.397158652544021606e-02,1.151272654533386230e-01,-6.418517976999282837e-02,5.007664486765861511e-02,4.022058472037315369e-02,1.502607390284538269e-02,-3.800277784466743469e-02,5.641714483499526978e-02,-9.389526210725307465e-03
-4.352166876196861267e-02,8.141305297613143921e-03,-2.175009064376354218e-02,-2.520245313644409180e-02,5.345640704035758972e-02,-4.736990854144096375e-02,1.170250326395034790e-01,-1.143581047654151917e-01,7.114239037036895752e-02,-8.749910444021224976e-02
1.587943546473979950e-02,-9.082480520009994507e-02,1.099373623728752136e-01,-3.116444125771522522e-02,1.051490083336830139e-01,-9.050168842077255249e-02,-1.260577440261840820e-01,-1.408766396343708038e-02,-7.177908718585968018e-02,-1.051019728183746338e-01
3.784354776144027710e-02,6.785972416400909424e-02,-2.206313237547874451e-02,-8.856269717216491699e-02,9.617751836776733398e-02,-5.935566127300262451e-02,-7.779419422149658203e-02,5.422395467758178711e-02,-9.874469786882400513e-02,1.012008190155029297e-01
-4.713331162929534912e-02,-1.515281479805707932e-02,-3.074330277740955353e-03,-6.350191682577133179e-02,8.577380329370498657e-02,-7.198713719844818115e-02,9.700410813093185425e-02,1.195522025227546692e-01,2.339386567473411560e-02,-7.966081053018569946e-02
-5.801650509238243103e-02,-3.212869539856910706e-02,-1.130038946866989136e-01,2.918522432446479797e-02,2.683755569159984589e-02,-2.848088915925472975e-04,8.707286417484283447e-02,-9.542500972747802734e-02,1.186484545469284058e-01,1.168593242764472961e-01
-1.909461617469787598e-02,3.386271372437477112e-02,3.640476241707801819e-02,9.839425794780254364e-03,-4.363732878118753433e-03,8.339406549930572510e-02,-6.329556554555892944e-02,-1.212381273508071899e-01,-1.162227056920528412e-02,-3.954255208373069763e-02
3.184425830841064453e-02,-1.002551764249801636e-01,5.255997646600008011e-03,-1.164311468601226807e-01,-6.529074162244796753e-02,7.693278789520263672e-02,-7.908913306891918182e-03,-1.247602626681327820e-01,-1.521588023751974106e-02,-9.726854413747787476e-02
6.055891513824462891e-02,-1.102885231375694275e-01,-5.927289649844169617e-02,2.298082783818244934e-02,6.718380004167556763e-02,3.784640133380889893e-02,-9.589010849595069885e-03,6.058648973703384399e-02,-1.222499608993530273e-01,-5.391531810164451599e-02
1.036543492227792740e-02,7.329809665679931641e-02,-3.132559731602668762e-02,-6.021171063184738159e-02,-4.875371232628822327e-02,4.538885504007339478e-02,1.124024242162704468e-01,3.177578747272491455e-02,-6.298497319221496582e-02,-3.554981946945190430e-02
-5.451387912034988403e-02,3.676800429821014404e-02,1.068659052252769470e-01,1.041206270456314087e-01,-2.734969602897763252e-04,8.229903131723403931e-02,-9.938316792249679565e-02,7.627516239881515503e-02,-7.794012129306793213e-02,1.052298545837402344e-01
2.265382558107376099e-02,-2.948919311165809631e-03,-9.276809543371200562e-02,3.485516086220741272e-02,-2.962063252925872803e-02,7.652527093887329102e-02,6.668504327535629272e-02,-3.377466648817062378e-02,-1.071524620056152344e-02,-5.647959653288125992e-03
-1.141395699232816696e-02,6.044227257370948792e-02,-6.248484551906585693e-02,1.190722584724426270e-01,-3.329769149422645569e-02,5.936665926128625870e-03,9.097759425640106201e-02,6.827419251203536987e-02,-1.189000755548477173e-01,2.347137778997421265e-02
-6.624768953770399094e-03,1.255461573600769043e-01,-6.088749319314956665e-02,-7.210204750299453735e-02,-8.683659881353378296e-02,6.653037853538990021e-03,2.232623100280761719e-02,5.732872709631919861e-02,-1.197497025132179260e-01,-7.467045634984970093e-02
6.504676491022109985e-02,8.911181241273880005e-02,-1.039947196841239929e-02,-8.982092142105102539e-03,3.016539290547370911e-02,7.516652345657348633e-02,-1.168434973806142807e-02,-7.124031335115432739e-02,1.131486296653747559e-01,7.205948233604431152e-02
-2.367086708545684814e-02,4.484108090400695801e-02,-2.536089532077312469e-02,2.326076664030551910e-02,-9.073330461978912354e-02,-1.202266290783882141e-01,-2.661308459937572479e-02,-1.195524558424949646e-01,5.545192956924438477e-02,-4.267151653766632080e-02
-3.779363585636019707e-03,-1.136410012841224670e-01,6.223576143383979797e-03,9.459637105464935303e-02,-6.236309558153152466e-02,1.085682027041912079e-02,-2.547499537467956543e-02,-1.029752045869827271e-01,-9.088991582393646240e-02,3.060245886445045471e-02
-1.084136515855789185e-01,1.175473779439926147e-01,8.892659097909927368e-02,-9.017064422369003296e-02,-1.123540997505187988e-01,-9.095487184822559357e-03,-8.740606158971786499e-02,3.969895467162132263e-02,-1.040767058730125427e-01,-6.451740115880966187e-02
1.042526587843894958e-01,2.079394832253456116e-02,-4.758435487747192383e-02,9.332293272018432617e-02,-2.213235385715961456e-02,-1.161809042096138000e-01,-9.192552417516708374e-02,4.133274033665657043e-02,3.845547512173652649e-02,7.060769200325012207e-02
-2.111293189227581024e-02,-5.941552296280860901e-02,-6.854791194200515747e-02,-2.821496129035949707e-02,-6.947599351406097412e-02,1.107837408781051636e-01,3.561599180102348328e-02,9.240470826625823975e-02,-8.116698265075683594e-02,-8.939074724912643433e-02
7.473713904619216919e-02,8.323287963867187500e-02,2.230021357536315918e-02,1.160292401909828186e-01,-3.630750998854637146e-02,4.626547172665596008e-02,-7.779108732938766479e-02,3.697403520345687866e-02,4.741550609469413757e-02,1.189227402210235596e-01
9.498005360364913940e-02,6.641389429569244385e-02,1.105583906173706055e-01,3.827895596623420715e-02,1.146557703614234924e-01,-4.931887984275817871e-02,-1.125844419002532959e-01,9.057366102933883667e-02,2.504220232367515564e-03,6.179506704211235046e-02
-8.026010543107986450e-02,-3.974961861968040466e-02,6.140803173184394836e-02,-1.086422521620988846e-02,-1.168222799897193909e-01,-1.348812878131866455e-02,5.469285696744918823e-02,-3.007315285503864288e-02,-1.021628528833389282e-01,1.271705329418182373e-01
-5.649040266871452332e-02,-6.509492546319961548e-02,-5.562895908951759338e-03,-7.294264435768127441e-02,4.294432327151298523e-02,9.286629408597946167e-02,1.066602021455764771e-01,-3.543684631586074829e-02,1.338270679116249084e-02,-1.258959621191024780e-02
-7.448690384626388550e-02,2.136439457535743713e-02,5.311585590243339539e-02,6.116830557584762573e-02,1.279178820550441742e-02,8.433679491281509399e-02,4.548059403896331787e-02,-4.694069549441337585e-02,2.499040029942989349e-02,1.052635833621025085e-01
-1.061274185776710510e-01,-1.882557012140750885e-02,7.397960871458053589e-02,1.122880801558494568e-01,3.508630394935607910e-02,1.764159277081489563e-02,5.523422732949256897e-02,-1.254558116197586060e-01,-8.370332419872283936e-02,-1.147929504513740540e-01
-2.443739213049411774e-02,8.663494139909744263e-02,-5.932792276144027710e-02,9.595610946416854858e-02,-5.022858083248138428e-02,-9.434621036052703857e-02,-1.121693104505538940e-01,-4.598697647452354431e-02,-9.695400297641754150e-02,8.828719705343246460e-02
6.792202591896057129e-02,6.045759096741676331e-02,1.176464408636093140e-01,2.801092900335788727e-02,1.111548766493797302e-01,9.299837797880172729e-02,9.956774115562438965e-02,7.140181213617324829e-02,4.247773811221122742e-02,1.110629737377166748e-01
1.199616938829421997e-01,6.913673132658004761e-02,-9.585933387279510498e-02,1.157617792487144470e-01,3.113429807126522064e-02,2.187880314886569977e-02,4.150220192968845367e-03,4.473154619336128235e-02,-4.148944467306137085e-02,-6.501787900924682617e-02
-3.341907635331153870e-02,1.154723986983299255e-01,-7.188064604997634888e-02,1.180924009531736374e-02,9.431444108486175537e-02,-1.131875216960906982e-01,-1.886214129626750946e-02,-4.032537713646888733e-02,2.072046138346195221e-02,-9.441204369068145752e-02
4.932774975895881653e-02,9.347929060459136963e-02,-2.473589219152927399e-02,-1.167534887790679932e-01,4.708723630756139755e-03,2.109394408762454987e-02,-1.210357919335365295e-01,-9.679948538541793823e-02,1.858089677989482880e-02,-7.328752428293228149e-02
1.449779886752367020e-02,-1.096876412630081177e-01,-1.024464592337608337e-01,6.410221755504608154e-02,-6.115863844752311707e-02,-7.262263447046279907e-02,1.183815896511077881e-01,-7.051347196102142334e-02,4.368310794234275818e-02,4.682277143001556396e-02
-1.594243571162223816e-02,2.393389493227005005e-02,1.141421645879745483e-01,-2.125561935827136040e-03,5.279321223497390747e-02,1.140556707978248596e-01,1.113445535302162170e-01,1.220263242721557617e-01,-1.002272143959999084e-01,6.216338369995355606e-03
4.454877227544784546e-02,-6.563548743724822998e-02,-7.748947292566299438e-02,2.225605584681034088e-02,5.418853834271430969e-02,-1.103635057806968689e-01,1.103420183062553406e-01,3.018107078969478607e-02,1.043564677238464355e-01,4.383043386042118073e-03
-8.638507127761840820e-02,1.018167808651924133e-01,1.048159152269363403e-01,1.012801676988601685e-01,-1.048538759350776672e-01,-6.978478748351335526e-03,-1.096666827797889709e-01,1.079833284020423889e-01,-6.952050328254699707e-02,-4.305788502097129822e-02
-2.340396493673324585e-02,-5.382272973656654358e-02,-1.082700677216053009e-02,8.414556831121444702e-02,1.201222613453865051e-01,-6.454852223396301270e-02,-3.570460900664329529e-02,1.429245993494987488e-02,-9.126750379800796509e-02,-9.225452318787574768e-03
5.236718803644180298e-02,1.101288106292486191e-02,4.796846583485603333e-02,-1.210368797183036804e-01,8.759250491857528687e-02,-6.357572972774505615e-02,6.285793334245681763e-02,9.287407994270324707e-02,1.197032406926155090e-01,-5.982785299420356750e-02
1.722573302686214447e-02,-7.911030948162078857e-02,-1.136083602905273438e-01,6.042108312249183655e-02,-9.546799212694168091e-02,7.538388669490814209e-02,-2.299506030976772308e-02,-1.246870979666709900e-01,1.103643849492073059e-01,6.224929913878440857e-02
4.542731866240501404e-02,6.008792668581008911e-02,-9.652335196733474731e-02,1.807600632309913635e-02,-2.895506843924522400e-02,1.243183687329292297e-01,6.449655443429946899e-02,-1.030188575387001038e-01,9.019960463047027588e-02,6.966117024421691895e-02
-6.005675718188285828e-02,9.386479109525680542e-02,5.884917825460433960e-02,2.443668805062770844e-02,-7.114013284444808960e-02,-1.042157933115959167e-01,-9.277981519699096680e-02,-1.740279048681259155e-02,9.090149402618408203e-02,4.162883758544921875e-02
4.155656695365905762e-02,-1.161255910992622375e-01,2.326448448002338409e-02,6.974542140960693359e-02,-5.594312772154808044e-02,-7.784432172775268555e-02,1.184032559394836426e-01,7.692306488752365112e-02,4.686272889375686646e-02,-3.850222099572420120e-03
-9.300541132688522339e-02,-6.340269744396209717e-02,8.409253507852554321e-02,2.262165211141109467e-02,-1.067904829978942871e-01,-1.182410120964050293e-01,-4.941727221012115479e-02,-1.581101678311824799e-02,-1.133868843317031860e-02,1.343165338039398193e-02
1.062945052981376648e-01,-4.021599143743515015e-02,-7.672128081321716309e-02,-3.032096289098262787e-02,1.192568149417638779e-02,-8.641793392598628998e-03,-1.085819974541664124e-01,7.333683967590332031e-02,1.167659647762775421e-02,1.237653847783803940e-02
8.654397726058959961e-02,9.396384656429290771e-02,3.690334036946296692e-02,-2.376721054315567017e-02,-1.013634875416755676e-01,4.713653773069381714e-02,1.167107671499252319e-01,-3.834971785545349121e-02,-2.728032693266868591e-02,-2.284549176692962646e-02
-3.756479173898696899e-02,4.827399924397468567e-02,-4.262219369411468506e-02,7.763922214508056641e-02,9.904535859823226929e-02,-9.959100745618343353e-03,-4.572198539972305298e-02,-1.144198030233383179e-01,-4.893210157752037048e-02,-1.145415604114532471e-01
-1.188182532787322998e-01,-1.272907014936208725e-02,-9.866054356098175049e-02,-1.161816995590925217e-02,6.318666040897369385e-02,-1.013765633106231689e-01,-2.867473475635051727e-02,3.450683504343032837e-02,5.446428433060646057e-02,-9.117171913385391235e-02
-6.720100343227386475e-02,2.593209035694599152e-02,-8.673405647277832031e-02,-4.517814889550209045e-02,8.129186928272247314e-02,-5.205721035599708557e-02,-1.001855954527854919e-01,-2.119277417659759521e-02,8.395908027887344360e-02,-1.119038909673690796e-01
2.163105644285678864e-02,-9.963081032037734985e-02,8.117995411157608032e-02,-4.511705413460731506e-02,1.057868357747793198e-02,-6.875956058502197266e-02,1.192325726151466370e-01,2.596109360456466675e-02,5.120979994535446167e-02,-3.286668658256530762e-02
-3.572143986821174622e-02,1.024226620793342590e-01,-2.921543084084987640e-02,4.648911207914352417e-02,-6.571357697248458862e-02,-4.252409189939498901e-02,-4.218641202896833420e-03,-1.164918020367622375e-01,-3.288302570581436157e-02,1.211547628045082092e-01
7.192610204219818115e-02,-4.873538389801979065e-02,-9.925625473260879517e-02,-1.245030015707015991e-02,1.112500503659248352e-01,1.231179311871528625e-01,-1.264737844467163086e-01,6.663868669420480728e-03,1.644398458302021027e-02,2.031789906322956085e-02
-9.386938810348510742e-02,-1.280289422720670700e-02,-1.146989911794662476e-01,1.128400908783078194e-03,-1.791817601770162582e-03,1.801063120365142822e-02,-2.337069250643253326e-03,-3.409182652831077576e-02,-9.048993140459060669e-02,-4.549841210246086121e-02
-5.427777022123336792e-02,-7.139970362186431885e-02,-9.922073781490325928e-02,1.144110560417175293e-01,-1.174784749746322632e-01,-1.323626283556222916e-02,-1.121670380234718323e-01,-1.058677136898040771e-01,7.573055475950241089e-02,-3.640747815370559692e-02
1.191927120089530945e-01,-4.169376567006111145e-02,1.298436545766890049e-04,2.137516811490058899e-02,-6.689592450857162476e-02,1.173948422074317932e-01,-7.053016871213912964e-02,-5.561055615544319153e-02,8.720906078815460205e-02,3.696925193071365356e-02
5.847813561558723450e-02,-1.113802045583724976e-01,-9.913706034421920776e-02,-8.074781298637390137e-02,1.163280308246612549e-01,-2.799327857792377472e-02,1.055835932493209839e-01,1.041964516043663025e-01,2.252426464110612869e-03,-7.382933050394058228e-02
-4.061852768063545227e-02,1.515053026378154755e-02,-1.416156906634569168e-02,-6.156418099999427795e-02,-1.173671483993530273e-01,8.554698899388313293e-03,2.627100422978401184e-02,-6.908398866653442383e-02,4.446437582373619080e-02,9.790944308042526245e-02
7.739583402872085571e-02,-9.863168746232986450e-02,-1.012458503246307373e-01,4.123165085911750793e-02,8.958573639392852783e-02,-6.426566094160079956e-02,-3.749240562319755554e-02,-1.990809291601181030e-02,1.031670719385147095e-01,-1.092125624418258667e-01
-5.263270065188407898e-02,-2.784161455929279327e-02,8.271446824073791504e-02,5.870706960558891296e-02,-1.123912855982780457e-01,-1.052540838718414307e-01,-8.098382502794265747e-02,1.083936020731925964e-01,-2.146280743181705475e-02,-5.119378678500652313e-03
-6.219075992703437805e-02,-3.986796364188194275e-02,1.053413376212120056e-01,6.318275630474090576e-02,-2.316693402826786041e-02,-3.948853909969329834e-02,-5.339347571134567261e-02,9.539593756198883057e-02,-7.009651511907577515e-02,-2.411377802491188049e-02
1.750437542796134949e-03,-9.702060371637344360e-02,6.805347651243209839e-02,3.742136061191558838e-02,-4.267705976963043213e-02,2.963574789464473724e-02,-9.386452287435531616e-02,1.191796138882637024e-01,6.627736985683441162e-02,-7.428187876939773560e-02
6.261087208986282349e-02,1.123719438910484314e-01,7.577748596668243408e-02,1.052411273121833801e-01,9.768774360418319702e-02,-1.192363202571868896e-01,-1.074444204568862915e-01,8.952446281909942627e-02,2.947742864489555359e-02,7.695806026458740234e-02
-9.479518979787826538e-02,-9.807617217302322388e-02,8.552182465791702271e-03,-8.014452457427978516e-02,-1.140166148543357849e-01,-3.079797700047492981e-02,2.785417810082435608e-02,4.160222783684730530e-02,-8.159109950065612793e-02,-1.013000831007957458e-01
-1.696570403873920441e-02,-1.082138270139694214e-01,2.327707409858703613e-02,7.800680398941040039e-02,-7.478456199169158936e-02,2.893440239131450653e-02,1.241913512349128723e-01,2.201892808079719543e-02,2.758372947573661804e-02,1.220860928297042847e-01
-6.809376180171966553e-02,5.196747370064258575e-03,-1.100407317280769348e-01,5.979020521044731140e-02,-9.757963567972183228e-02,8.722426742315292358e-02,1.892816647887229919e-02,-5.719816684722900391e-02,-3.234580531716346741e-02,9.715648740530014038e-02
1.103898882865905762e-01,-6.031424738466739655e-03,2.951261959969997406e-02,-3.694698214530944824e-02,3.527437895536422729e-02,1.013944372534751892e-01,1.185905784368515015e-01,2.089795842766761780e-02,1.534106675535440445e-02,-5.431375000625848770e-03
-5.125068873167037964e-02,-5.174544081091880798e-02,-4.400921985507011414e-02,-6.629515439271926880e-02,-1.844653487205505371e-02,9.375455230474472046e-02,-3.490136563777923584e-02,1.011056974530220032e-01,-4.815442487597465515e-02,-1.130115091800689697e-01
-1.091141030192375183e-01,-6.920933723449707031e-02,1.138280332088470459e-01,-7.300747931003570557e-02,-6.193207204341888428e-02,-9.277578443288803101e-02,6.776098906993865967e-02,1.254591345787048340e-02,6.462960038334131241e-03,-9.954316169023513794e-02
7.228139042854309082e-02,-2.426612190902233124e-02,1.168603152036666870e-01,9.134238958358764648e-02,-1.254656910896301270e-02,-9.105174988508224487e-02,2.529780566692352295e-02,4.538424685597419739e-02,1.093601956963539124e-01,-1.004673391580581665e-01
-2.565510384738445282e-02,8.703138679265975952e-02,7.003635913133621216e-02,3.554357390385121107e-04,5.704239010810852051e-02,1.090667303651571274e-02,-4.239128530025482178e-02,5.275873467326164246e-02,-9.118880331516265869e-02,4.449168592691421509e-02
1.070273015648126602e-02,-8.520808815956115723e-02,-1.067511290311813354e-01,1.540118269622325897e-02,8.618070185184478760e-02,6.581871211528778076e-02,1.021451205015182495e-01,-4.944338276982307434e-02,7.215064018964767456e-02,2.982925809919834137e-02
-7.631123065948486328e-02,-2.691114554181694984e-03,-2.570639178156852722e-02,-8.992926031351089478e-02,2.995240874588489532e-02,9.679423645138740540e-03,5.496266111731529236e-02,-2.160780318081378937e-02,-6.795672327280044556e-02,5.658636987209320068e-02
-8.440221101045608521e-02,1.560210436582565308e-02,4.909632727503776550e-03,6.691820919513702393e-02,-3.739636018872261047e-02,5.505692958831787109e-02,-1.049305684864521027e-02,-7.979384064674377441e-02,9.811517596244812012e-02,1.156257651746273041e-02
-1.154672205448150635e-01,-6.742148846387863159e-02,8.633185178041458130e-02,9.428668022155761719e-02,9.088686108589172363e-02,7.972854375839233398e-02,-6.517674773931503296e-02,1.405261643230915070e-02,-1.029591709375381470e-01,-1.885681413114070892e-02
-9.648691862821578979e-03,1.010421961545944214e-01,8.846846222877502441e-02,-3.991340100765228271e-02,1.100298985838890076e-01,2.756264805793762207e-02,7.443391531705856323e-02,-5.521012097597122192e-02,9.008337743580341339e-03,1.280979812145233154e-01
-7.520905882120132446e-02,-3.749104961752891541e-02,-3.074431978166103363e-02,-1.078927516937255859e-01,-9.626478701829910278e-02,7.423344999551773071e-02,4.436676949262619019e-02,7.652578502893447876e-02,3.357763215899467468e-02,-5.828276276588439941e-02
9.644152224063873291e-02,1.213584095239639282e-01,-1.074959561228752136e-01,-3.767109662294387817e-02,-9.010704606771469116e-02,8.222741633653640747e-02,4.758865013718605042e-02,-3.848763182759284973e-02,4.000106081366539001e-02,7.678069174289703369e-02
-6.582546234130859375e-02,2.988419309258460999e-02,1.117231398820877075e-01,-1.209745109081268311e-01,6.840424239635467529e-02,4.300120100378990173e-02,-1.197037547826766968e-01,-1.056537106633186340e-01,5.006767809391021729e-03,1.123322769999504089e-01
4.542352259159088135e-02,-3.048401139676570892e-02,-1.972388662397861481e-02,5.166948772966861725e-03,-5.701212957501411438e-02,2.953275293111801147e-02,-9.981912374496459961e-02,1.033012717962265015e-01,-1.077613309025764465e-01,-9.723179042339324951e-02
5.273811146616935730e-02,-6.075551360845565796e-02,-4.520966857671737671e-02,-1.009401157498359680e-01,-6.805737316608428955e-02,-3.797343000769615173e-02,-1.161197796463966370e-01,-5.459646135568618774e-02,3.613494336605072021e-02,-1.276169996708631516e-02
9.249347448348999023e-02,-5.762612447142601013e-02,2.178941853344440460e-02,1.432572305202484131e-02,3.408359363675117493e-02,-2.098893374204635620e-02,-7.395758479833602905e-02,-2.484914660453796387e-02,-5.502869188785552979e-02,7.466609776020050049e-02
9.955570846796035767e-02,-7.788297533988952637e-02,7.357528060674667358e-02,1.151722744107246399e-01,-4.744568467140197754e-02,1.131274253129959106e-01,-9.173867851495742798e-02,4.806332290172576904e-02,6.802445650100708008e-02,-9.190093725919723511e-02
-1.000917851924896240e-01,-5.215668585151433945e-03,4.463787376880645752e-02,3.842169791460037231e-02,4.463189840316772461e-02,9.198513627052307129e-02,4.169504716992378235e-02,-6.425195932388305664e-02,-2.440630272030830383e-02,2.528653107583522797e-02
-1.069708988070487976e-01,6.178950518369674683e-02,1.045385599136352539e-01,7.388538122177124023e-02,-5.977370217442512512e-02,-2.758342772722244263e-02,1.005047187209129333e-02,2.549218572676181793e-02,2.154505252838134766e-02,6.503476202487945557e-02
-6.097794324159622192e-02,-9.285271912813186646e-02,-1.081512346863746643e-01,-8.059663325548171997e-02,-6.320742517709732056e-02,9.573553502559661865e-02,-9.439855813980102539e-02,2.554288506507873535e-02,-5.967704579234123230e-02,1.159585565328598022e-01
-6.484078615903854370e-02,-1.111235469579696655e-01,3.418988734483718872e-02,-6.436859071254730225e-02,9.563276544213294983e-03,-6.765810400247573853e-02,1.001512110233306885e-01,5.903471261262893677e-02,1.498823799192905426e-02,-1.087323948740959167e-01
2.578847482800483704e-02,3.226122632622718811e-02,-4.371964186429977417e-02,1.061132177710533142e-01,-7.882365584373474121e-02,-6.982883065938949585e-02,1.049615815281867981e-01,5.669618770480155945e-02,1.401608716696500778e-02,1.238203793764114380e-01
6.430279463529586792e-02,3.223413228988647461e-02,-2.137777023017406464e-02,-9.453162550926208496e-02,-1.198157109320163727e-02,8.335480093955993652e-02,-9.406594932079315186e-02,-3.931422159075737000e-02,4.681166261434555054e-02,4.678059369325637817e-02
-2.190002473071217537e-03,7.027888298034667969e-02,-1.236033961176872253e-01,-5.087113939225673676e-03,1.718562468886375427e-02,4.164420813322067261e-02,-1.250268518924713135e-01,-7.431153953075408936e-02,7.656931132078170776e-02,1.091632097959518433e-01
4.766246303915977478e-02,-8.045893907546997070e-02,9.489464759826660156e-02,1.119074597954750061e-01,-7.375245448201894760e-03,9.660261124372482300e-02,8.752486109733581543e-02,6.712037324905395508e-02,1.142024099826812744e-01,-1.737522520124912262e-02
1.220175549387931824e-01,-7.644719444215297699e-04,-6.431702524423599243e-02,1.240636855363845825e-01,6.487237662076950073e-02,-5.049234628677368164e-02,1.200071573257446289e-01,3.552290052175521851e-02,6.278736144304275513e-02,1.149886623024940491e-01
-1.175726056098937988e-01,5.226397514343261719e-02,-1.031920164823532104e-01,-5.136829987168312073e-02,7.951434701681137085e-02,7.174920290708541870e-02,-8.414183743298053741e-03,-1.772072538733482361e-02,1.093482947908341885e-03,7.287484407424926758e-02
1.105353683233261108e-01,1.160078048706054688e-01,-1.083716079592704773e-01,-9.613113850355148315e-02,-3.732309490442276001e-02,9.102534502744674683e-02,3.320456296205520630e-02,-3.049059072509407997e-03,-5.535739660263061523e-02,3.597780689597129822e-02
-1.035205870866775513e-01,-2.290024794638156891e-02,-1.151497513055801392e-01,-2.346045896410942078e-02,6.881559640169143677e-02,2.221342176198959351e-02,3.607122600078582764e-02,-6.498337537050247192e-02,5.761016160249710083e-02,-1.160847917199134827e-01
6.815140694379806519e-02,-5.888159386813640594e-03,-2.055739983916282654e-02,1.633985899388790131e-03,9.611067920923233032e-02,-9.543364495038986206e-02,-6.134862825274467468e-02,6.179163977503776550e-02,-1.023450419306755066e-01,2.785293571650981903e-02
8.214531838893890381e-02,-6.626950204372406006e-02,2.775168418884277344e-02,4.348729550838470459e-02,9.247724711894989014e-02,-4.072401672601699829e-02,-4.376896191388368607e-03,-5.763678625226020813e-02,-1.281608343124389648e-01,-7.194863259792327881e-02
-8.243995159864425659e-02,1.087884455919265747e-01,-8.697394281625747681e-02,-2.833344787359237671e-02,-1.952416449785232544e-02,4.887240007519721985e-02,-1.615288108587265015e-02,-3.145930543541908264e-02,-7.454057782888412476e-02,3.600912913680076599e-02
1.042587682604789734e-01,1.004232913255691528e-01,-1.166223958134651184e-01,6.537149101495742798e-02,-7.373831421136856079e-02,-1.039295345544815063e-01,1.118676587939262390e-01,-1.911882869899272919e-02,-5.768084526062011719e-02,-5.678523797541856766e-03
-2.076985128223896027e-02,5.520524457097053528e-02,-3.549486398696899414e-02,-1.176927834749221802e-01,5.139676854014396667e-02,6.407928466796875000e-02,5.442022532224655151e-02,-2.591141313314437866e-02,-4.812533035874366760e-02,3.188484162092208862e-02
4.018365591764450073e-02,5.527856945991516113e-02,6.837090849876403809e-02,-5.917392671108245850e-03,-3.274004533886909485e-02,8.222702145576477051e-02,2.923212014138698578e-02,-4.985891282558441162e-02,-9.286367148160934448e-02,1.000787019729614258e-01
3.222774714231491089e-02,-6.274506449699401855e-02,1.329771336168050766e-02,-9.404052793979644775e-02,-6.285196542739868164e-02,4.476230591535568237e-02,2.495771087706089020e-02,1.104794144630432129e-01,-2.754661813378334045e-02,1.965164020657539368e-02
7.593160867691040039e-02,-9.766806662082672119e-02,-4.856680519878864288e-03,-2.956513687968254089e-02,-7.016872614622116089e-02,-3.339384868741035461e-02,3.690592199563980103e-02,2.373077906668186188e-02,-1.106204837560653687e-01,-3.953303676098585129e-03
-8.752711862325668335e-02,3.261570259928703308e-02,4.107167944312095642e-02,-5.215715244412422180e-02,-6.325895339250564575e-02,-7.775276154279708862e-02,-7.088197022676467896e-02,9.207635372877120972e-02,-2.950525283813476562e-02,1.280314568430185318e-02
-1.285178959369659424e-01,-5.057274363934993744e-03,-6.856805086135864258e-02,-9.267205744981765747e-02,9.768749028444290161e-02,9.084521792829036713e-03,1.932795532047748566e-02,-2.328908443450927734e-02,-8.028919994831085205e-02,1.320235431194305420e-01
2.677995897829532623e-02,-4.626798257231712341e-02,-2.040661685168743134e-02,-7.343749050050973892e-03,-1.100064143538475037e-01,-5.371448397636413574e-02,8.469764888286590576e-02,8.526188135147094727e-02,2.345254644751548767e-03,-8.563378453254699707e-02
4.356009140610694885e-02,1.129135861992835999e-01,-6.278773397207260132e-02,-4.226963594555854797e-02,1.165386885404586792e-01,-5.049884691834449768e-02,-2.007490955293178558e-02,-5.543812364339828491e-02,1.283276379108428955e-01,2.526169084012508392e-02
1.645957306027412415e-02,-5.271884053945541382e-02,-5.601150915026664734e-02,6.067288294434547424e-02,4.281102865934371948e-02,-5.291148647665977478e-02,8.084114640951156616e-02,-1.316990796476602554e-02,4.163799062371253967e-02,4.918441548943519592e-02
9.027478285133838654e-03,-3.731325641274452209e-02,-4.768659919500350952e-02,-3.859141469001770020e-02,4.823874309659004211e-02,-6.676537543535232544e-02,3.242389857769012451e-02,1.748416014015674591e-02,-1.044833511114120483e-01,-4.222800210118293762e-02
-6.885386258363723755e-02,-1.099670957773923874e-02,2.596227079629898071e-02,-1.185744032263755798e-01,-3.185421973466873169e-02,-1.905197277665138245e-02,-1.261382550001144409e-01,3.455249220132827759e-02,6.699483841657638550e-02,-7.924311608076095581e-02
-6.849641352891921997e-02,1.007945537567138672e-01,9.741336107254028320e-02,-1.032919809222221375e-01,6.748028099536895752e-02,-6.916793435811996460e-02,1.092696785926818848e-01,-8.235381543636322021e-02,4.726559668779373169e-02,1.124882772564888000e-01
7.799734920263290405e-02,9.563834220170974731e-02,-8.789618499577045441e-03,-1.230953410267829895e-01,-1.757063716650009155e-02,1.014659330248832703e-01,-2.343205735087394714e-02,8.223320543766021729e-02,6.084605306386947632e-02,-1.041647940874099731e-01
1.207865029573440552e-01,-1.331749372184276581e-03,1.067056804895401001e-01,9.448049217462539673e-02,-1.114950552582740784e-01,-2.715564519166946411e-02,-9.793715924024581909e-02,-1.948435977101325989e-02,-2.245537238195538521e-03,2.947372943162918091e-02
2.217247150838375092e-02,1.569551764987409115e-03,1.226996257901191711e-01,-1.157326325774192810e-01,-5.583664029836654663e-02,-5.182198435068130493e-02,-1.193864271044731140e-01,-1.609090156853199005e-02,8.930458128452301025e-02,3.656776854768395424e-03
2.984642423689365387e-02,6.707061082124710083e-02,-8.062204718589782715e-02,-3.330460190773010254e-02,9.431208483874797821e-03,-3.569525480270385742e-02,-1.575665734708309174e-02,-3.564862534403800964e-02,-9.896888583898544312e-02,5.295273847877979279e-03
5.995496734976768494e-02,-8.066822588443756104e-02,-1.695414632558822632e-02,-9.221640974283218384e-02,-1.046331506222486496e-02,-7.004983723163604736e-02,-1.043697912245988846e-02,-3.199701383709907532e-02,6.222941447049379349e-03,1.179016605019569397e-01
-1.192369535565376282e-01,-6.203033402562141418e-02,-1.184336245059967041e-01,-9.872050583362579346e-02,-2.723703533411026001e-02,-5.291724205017089844e-02,-1.812047883868217468e-02,-1.599401049315929413e-02,8.543467521667480469e-02,-3.380753472447395325e-02
-1.143090128898620605e-01,7.254245132207870483e-02,-5.016552284359931946e-02,6.826233118772506714e-03,-1.149360761046409607e-01,-3.045503981411457062e-02,-1.060757040977478027e-01,3.330793976783752441e-02,1.068581044673919678e-01,4.993443563580513000e-02
1.163650006055831909e-01,1.114226132631301880e-01,8.605071902275085449e-02,1.752455160021781921e-02,-1.126998811960220337e-01,-6.301489658653736115e-03,-7.676344364881515503e-02,1.145081445574760437e-01,-1.221287399530410767e-01,1.198987066745758057e-01
-7.817060500383377075e-02,6.978706270456314087e-02,1.181206479668617249e-01,3.229380771517753601e-02,-4.378566518425941467e-02,9.387225657701492310e-02,1.044632866978645325e-01,-2.627933770418167114e-02,-2.419533766806125641e-02,-1.060517877340316772e-01
-7.154700160026550293e-02,2.935123257339000702e-02,-8.404140174388885498e-02,1.118419095873832703e-01,-7.001463323831558228e-02,5.715065449476242065e-02,-7.325480878353118896e-02,-2.392545901238918304e-02,-1.176988780498504639e-01,2.022835612297058105e-02
-6.525801867246627808e-02,6.621366739273071289e-02,-9.179304353892803192e-03,6.644649058580398560e-02,-9.443572163581848145e-02,9.883470088243484497e-02,-1.311049051582813263e-02,-9.326339513063430786e-02,5.248476937413215637e-02,-6.659553945064544678e-02
-8.481974899768829346e-02,6.274215877056121826e-02,9.638713300228118896e-02,-7.013980299234390259e-02,4.278660938143730164e-02,7.632534950971603394e-02,-1.234005019068717957e-01,6.412279605865478516e-02,7.156964391469955444e-02,7.264884561300277710e-02
7.668659090995788574e-02,-6.522481888532638550e-02,-2.709561586380004883e-02,1.061959005892276764e-02,7.447199523448944092e-02,8.431108295917510986e-02,5.395904928445816040e-02,-8.531616628170013428e-02,1.082591041922569275e-01,1.001408919692039490e-01
-1.197765693068504333e-01,-8.667665719985961914e-02,2.417256589978933334e-03,-5.923239141702651978e-02,1.052121222019195557e-01,7.244045287370681763e-02,2.157163061201572418e-02,9.445087611675262451e-02,8.170186192728579044e-04,3.621610812842845917e-03
-7.335302978754043579e-02,1.137656196951866150e-01,9.900132566690444946e-02,2.088623680174350739e-02,-1.160296201705932617e-01,-9.787102788686752319e-02,-5.564774572849273682e-02,3.185246884822845459e-02,7.260680198669433594e-02,-4.628090932965278625e-02
7.481783628463745117e-03,-1.863072812557220459e-02,1.144776567816734314e-01,-8.514805138111114502e-02,1.149621084332466125e-01,-2.313323132693767548e-02,7.853341847658157349e-02,-1.044246405363082886e-01,-3.256914019584655762e-02,7.510641217231750488e-02
-4.476920887827873230e-02,-8.097516745328903198e-02,1.077975854277610779e-01,6.451041996479034424e-02,4.047844558954238892e-02,1.142546534538269043e-02,-8.915700763463973999e-02,-1.268093567341566086e-02,7.786048203706741333e-02,-1.132584270089864731e-02
-1.009542588144540787e-02,-1.102509126067161560e-01,1.025902405381202698e-01,-3.729337826371192932e-02,-5.282337218523025513e-02,8.509343117475509644e-02,9.892840683460235596e-02,-1.149187386035919189e-01,5.843233317136764526e-02,8.650852739810943604e-02
-3.762665390968322754e-02,-4.539810866117477417e-02,-5.958261340856552124e-02,-8.851119875907897949e-02,1.173619106411933899e-01,4.491456970572471619e-02,2.178844064474105835e-02,2.444867044687271118e-03,1.164229437708854675e-01,-1.168200969696044922e-01
1.019419729709625244e-01,8.554521948099136353e-02,-1.117488369345664978e-01,-6.634811311960220337e-02,-1.588435284793376923e-02,8.075869642198085785e-03,-4.784289002418518066e-02,9.055757522583007812e-02,3.420241409912705421e-03,-9.521048516035079956e-02
-8.908925950527191162e-02,3.511127457022666931e-02,8.849468082189559937e-02,-1.077017784118652344e-01,4.630684852600097656e-02,-9.758553653955459595e-02,-5.452930554747581482e-02,-9.768567979335784912e-02,-8.495508879423141479e-02,6.406763941049575806e-02
3.160680457949638367e-02,1.125481724739074707e-01,3.901642933487892151e-02,5.269007384777069092e-02,-5.067080631852149963e-02,-6.937735527753829956e-02,-1.407965784892439842e-03,7.226256653666496277e-03,-8.028330653905868530e-02,-9.765544533729553223e-02
-5.888245068490505219e-03,3.073886036872863770e-02,1.154009252786636353e-01,-8.019464462995529175e-02,-8.629935979843139648e-02,6.107759103178977966e-02,-3.097387403249740601e-02,1.009627729654312134e-01,7.702923566102981567e-02,6.506232172250747681e-02
7.228045165538787842e-02,1.187750604003667831e-03,2.666926570236682892e-02,-1.365905534476041794e-02,6.362669169902801514e-02,6.134435534477233887e-02,-1.209968104958534241e-01,-1.209844872355461121e-01,1.051538735628128052e-01,-5.452213808894157410e-02
1.185003519058227539e-01,-2.213399671018123627e-02,7.896480709314346313e-02,8.535640686750411987e-02,5.254111438989639282e-02,1.732842065393924713e-02,-1.136821582913398743e-01,-8.872958272695541382e-02,-2.057374641299247742e-02,-1.064376160502433777e-01
-9.417842142283916473e-03,9.551214426755905151e-02,-1.036108210682868958e-01,-2.087116613984107971e-02,-2.150823734700679779e-02,1.085162013769149780e-01,-5.206014215946197510e-02,1.160648018121719360e-01,-1.054667234420776367e-01,-1.012013331055641174e-01
1.157012730836868286e-01,-1.061328947544097900e-01,-3.528201952576637268e-02,-6.821838021278381348e-02,-6.089170649647712708e-02,4.861101135611534119e-02,1.065877899527549744e-01,7.189357280731201172e-02,5.082868784666061401e-02,-6.889628618955612183e-02
7.813259027898311615e-03,1.573069486767053604e-03,-1.337878685444593430e-02,3.938056901097297668e-02,-6.694074720144271851e-02,1.123059689998626709e-01,-9.513150155544281006e-02,6.617870926856994629e-02,-5.260923411697149277e-03,6.133436784148216248e-02
-2.263282611966133118e-02,-4.149207100272178650e-02,-2.813825849443674088e-03,-5.649356916546821594e-02,-3.051531873643398285e-02,-1.004124060273170471e-01,1.304518990218639374e-02,-8.059103041887283325e-02,3.836897015571594238e-02,-1.553618907928466797e-02
-5.744502320885658264e-02,1.169686242938041687e-01,-1.652192883193492889e-02,1.113819554448127747e-01,8.659387379884719849e-02,-1.025878861546516418e-01,-5.367708951234817505e-02,-5.180199816823005676e-02,2.255816943943500519e-02,1.158469691872596741e-01
7.521154731512069702e-02,-3.954335302114486694e-02,1.198418065905570984e-01,-8.008212596178054810e-02,-5.958997458219528198e-02,9.771396219730377197e-02,5.641944706439971924e-03,-1.021771132946014404e-01,1.055218577384948730e-01,-7.467197626829147339e-02
-3.246774896979331970e-02,-1.446045655757188797e-02,-1.210834714584052563e-03,1.245101075619459152e-02,3.397493064403533936e-02,-3.131217509508132935e-02,2.701425738632678986e-02,1.073217764496803284e-01,-3.648189594969153404e-03,2.575426362454891205e-02
-3.075721859931945801e-02,-1.107433438301086426e-01,-1.129235550761222839e-01,-1.045627743005752563e-01,3.959321230649948120e-02,9.896045923233032227e-02,-6.539116799831390381e-02,-1.391003467142581940e-02,3.414348885416984558e-02,-2.226859331130981445e-02
2.003759145736694336e-02,-9.595417976379394531e-02,7.562904059886932373e-02,-8.943196386098861694e-02,-6.739633530378341675e-02,-2.204686962068080902e-02,1.471826992928981781e-02,-7.756424695253372192e-02,-7.965802401304244995e-02,1.150685101747512817e-01
2.450311556458473206e-02,8.916889876127243042e-02,-6.927004456520080566e-02,-3.438010066747665405e-02,6.824482232332229614e-02,-4.417039826512336731e-02,-2.481320686638355255e-02,9.002469480037689209e-02,-4.208631813526153564e-02,9.847829490900039673e-02
3.116999566555023193e-02,-2.160966955125331879e-02,6.336840987205505371e-02,-9.646001271903514862e-03,1.274256221950054169e-02,-3.253909945487976074e-02,1.099516674876213074e-01,6.347339600324630737e-02,8.841883391141891479e-02,-2.076009660959243774e-02
4.764577001333236694e-02,-1.039636135101318359e-01,1.013762503862380981e-02,-3.707300499081611633e-02,-5.860654171556234360e-03,6.701205857098102570e-03,3.253784403204917908e-02,7.745889574289321899e-02,-1.437604334205389023e-02,6.596100516617298126e-03
-4.927235096693038940e-02,-4.959870502352714539e-02,4.232753068208694458e-02,7.336263358592987061e-02,9.647657722234725952e-02,-1.269130315631628036e-02,-5.632293969392776489e-02,4.589802992995828390e-04,4.631452262401580811e-02,3.897630795836448669e-02
9.406560659408569336e-02,8.033385872840881348e-02,-1.113067418336868286e-01,2.021424472332000732e-02,-1.052494198083877563e-01,-8.610530197620391846e-02,2.476296620443463326e-03,-8.739815652370452881e-02,6.311556696891784668e-02,1.069783642888069153e-01
1.706353574991226196e-02,-6.101866438984870911e-02,-9.786628186702728271e-02,1.017654463648796082e-01,-1.061484068632125854e-01,-6.823690235614776611e-02,-6.561536341905593872e-02,3.238640725612640381e-02,8.776639401912689209e-02,9.192701429128646851e-03
-2.195500209927558899e-02,-2.224318496882915497e-02,1.191958487033843994e-01,-6.441032141447067261e-02,-2.438347600400447845e-02,2.988716959953308105e-02,1.221948489546775818e-01,-1.229131594300270081e-01,-1.147330105304718018e-01,2.720351703464984894e-02
1.088474541902542114e-01,3.022745437920093536e-02,-1.779510825872421265e-02,-4.226850718259811401e-02,-3.642903640866279602e-02,-1.048002392053604126e-02,-3.844170644879341125e-02,-5.456542596220970154e-02,-1.827683532610535622e-03,-7.611010223627090454e-02
-5.433608591556549072e-02,5.766564607620239258e-02,6.540133059024810791e-02,5.496652051806449890e-02,-9.715650230646133423e-02,-2.162256650626659393e-02,-3.385971765965223312e-03,-8.467789739370346069e-03,-3.695798665285110474e-02,1.101354882121086121e-01
-4.631368815898895264e-02,-7.931349426507949829e-02,-9.401674568653106689e-02,-8.767927438020706177e-02,7.313033193349838257e-02,-6.465947628021240234e-02,-1.005883514881134033e-01,-4.389689117670059204e-02,-1.114590615034103394e-01,-4.017888754606246948e-02
9.300269931554794312e-02,-4.508697986602783203e-02,-1.340585853904485703e-02,5.198307707905769348e-02,-4.192959517240524292e-03,-2.932375296950340271e-03,-9.793256968259811401e-02,-3.119378536939620972e-02,-9.358797222375869751e-02,-3.396584093570709229e-02
-9.008460491895675659e-02,-1.141232624650001526e-01,-9.751282632350921631e-02,6.133696436882019043e-02,1.749825477600097656e-02,9.354540705680847168e-02,-1.119663706049323082e-03,1.985093206167221069e-02,-4.233006387948989868e-02,7.183388806879520416e-03
-9.483404457569122314e-02,8.347675204277038574e-02,7.795176655054092407e-02,-3.404682502150535583e-02,-1.144201308488845825e-02,1.032734811305999756e-01,-5.241520702838897705e-02,6.639196071773767471e-03,-7.362000644207000732e-02,1.128593906760215759e-01
1.482988055795431137e-02,-4.928593523800373077e-03,1.034083887934684753e-01,-1.136898547410964966e-01,-1.148098185658454895e-01,4.018514975905418396e-02,3.154627233743667603e-02,1.827985607087612152e-02,-9.697442501783370972e-02,8.941908925771713257e-02
4.843461327254772186e-03,1.115585267543792725e-01,3.113496117293834686e-02,-1.063950508832931519e-01,-7.433903962373733521e-02,1.603092998266220093e-02,-9.108741767704486847e-03,2.674478664994239807e-02,2.206817641854286194e-02,-1.022275257855653763e-02
8.986189216375350952e-02,-2.000826969742774963e-02,-6.363970041275024414e-02,-6.205480545759201050e-02,-7.257518917322158813e-02,-9.565275162458419800e-02,-8.269082009792327881e-02,1.184900924563407898e-01,1.075078248977661133e-01,-9.025137871503829956e-02
-7.278849184513092041e-02,-3.845448419451713562e-02,-7.517854124307632446e-02,1.208609342575073242e-01,-7.781100273132324219e-02,-3.405631333589553833e-02,3.302163630723953247e-02,1.654210314154624939e-02,1.184770390391349792e-01,3.795063495635986328e-02
-1.932045817375183105e-02,-5.758452787995338440e-02,-1.084209680557250977e-01,3.603852167725563049e-02,-5.066115409135818481e-02,1.181350499391555786e-01,5.186619609594345093e-02,5.216737836599349976e-02,1.018321290612220764e-01,1.188799142837524414e-01
4.756401106715202332e-02,2.395990490913391113e-02,-3.034419938921928406e-02,4.102608934044837952e-02,3.901267796754837036e-02,-9.165865182876586914e-02,4.801607131958007812e-02,-7.746932655572891235e-02,-6.910024583339691162e-02,2.821925282478332520e-02
1.086822152137756348e-01,-8.093109726905822754e-02,-8.244850486516952515e-02,6.904691457748413086e-03,2.301272191107273102e-02,2.522624097764492035e-02,-4.024142026901245117e-02,-5.235902965068817139e-02,6.502065807580947876e-02,8.047872781753540039e-02
1.070549562573432922e-01,-6.006055697798728943e-02,-1.149003058671951294e-01,-3.552469238638877869e-02,2.272620238363742828e-02,1.169410720467567444e-01,1.162815168499946594e-01,1.214636191725730896e-01,-5.437637865543365479e-02,9.039802104234695435e-02
-1.516670547425746918e-02,5.538196489214897156e-02,-4.000872373580932617e-02,1.149386763572692871e-01,-2.382465451955795288e-02,3.230097889900207520e-02,6.572315841913223267e-02,-3.544770553708076477e-02,-1.570647396147251129e-02,-6.848712265491485596e-02
-1.249103918671607971e-01,-2.401095069944858551e-02,2.311661653220653534e-02,3.842349350452423096e-02,-2.937248209491372108e-03,-2.212925814092159271e-02,-4.065224155783653259e-02,1.062073782086372375e-01,6.117754429578781128e-02,-3.489093855023384094e-02
-6.320289522409439087e-02,8.183879405260086060e-02,-7.412998378276824951e-02,4.759227856993675232e-03,6.982521712779998779e-02,-1.451717503368854523e-02,-2.239618264138698578e-02,7.025033235549926758e-02,-1.149823293089866638e-01,-1.028436720371246338e-01
-1.112130060791969299e-01,-1.100251674652099609e-01,3.616255475208163261e-03,1.874978886917233467e-03,-1.784160919487476349e-02,-5.570910871028900146e-02,4.384649917483329773e-02,8.316700905561447144e-02,6.530892848968505859e-02,4.536886513233184814e-02
8.412431180477142334e-02,-7.939074933528900146e-02,-2.048773318529129028e-02,4.365547746419906616e-02,-6.938041746616363525e-02,-1.186072677373886108e-01,4.026708379387855530e-02,-1.935627777129411697e-03,-1.107108667492866516e-01,2.496729604899883270e-02
-4.584025964140892029e-02,-6.390648335218429565e-02,-2.554208505898714066e-03,5.442797392606735229e-02,-4.509670659899711609e-02,1.004073470830917358e-01,-4.374214261770248413e-02,6.246749311685562134e-02,-8.950633555650711060e-02,-4.233195260167121887e-02
-2.905448898673057556e-02,-4.391716420650482178e-02,-1.237841974943876266e-02,-7.693130522966384888e-02,8.427269011735916138e-02,1.145709306001663208e-01,3.744268044829368591e-02,-7.201881706714630127e-02,8.401228487491607666e-02,-1.258355528116226196e-01
-1.033440157771110535e-01,1.076859757304191589e-01,4.529789462685585022e-02,-1.147543638944625854e-01,-1.035582050681114197e-01,1.067554503679275513e-01,8.547932840883731842e-03,7.374197989702224731e-02,-1.213051155209541321e-01,-4.027129709720611572e-02
-7.069285959005355835e-03,-8.888836950063705444e-02,2.580722793936729431e-02,5.741512402892112732e-02,-3.377984464168548584e-02,6.412401050329208374e-02,-1.198326051235198975e-01,-2.029742114245891571e-02,7.459095120429992676e-02,-6.928485631942749023e-02
1.448789611458778381e-02,-4.279360547661781311e-02,7.811855524778366089e-02,1.132146641612052917e-01,-1.191429123282432556e-01,3.160659968852996826e-02,4.462712630629539490e-02,3.451441973447799683e-02,5.397842451930046082e-02,5.597652867436408997e-02
-2.672662958502769470e-02,2.392954938113689423e-02,-6.882719695568084717e-02,9.607421606779098511e-02,-1.087775304913520813e-01,-1.812083274126052856e-02,-6.326044350862503052e-02,1.082524284720420837e-01,1.027698218822479248e-01,8.269470185041427612e-02
-2.376719377934932709e-02,-3.159288084134459496e-03,1.086635813117027283e-01,-1.289126649498939514e-02,1.739543676376342773e-02,3.241220116615295410e-02,6.260747462511062622e-02,-6.719625741243362427e-02,1.061154007911682129e-01,-7.757186144590377808e-02
5.913864076137542725e-02,6.821108609437942505e-02,-1.091899424791336060e-01,7.864861935377120972e-02,6.147602945566177368e-02,-1.109931915998458862e-01,3.595287725329399109e-02,-1.160936579108238220e-01,1.644125394523143768e-02,9.774435311555862427e-02
7.970934361219406128e-02,9.349810332059860229e-02,-1.109249815344810486e-01,1.027721762657165527e-01,-6.267603021115064621e-03,-7.117123156785964966e-02,-8.467870950698852539e-02,-3.467746824026107788e-02,2.277810685336589813e-02,-1.045993268489837646e-01
1.140092015266418457e-01,-4.248763900250196457e-03,-1.011114344000816345e-01,-1.897193305194377899e-02,7.729761302471160889e-02,9.018218517303466797e-02,-9.102786891162395477e-03,-8.901716768741607666e-02,1.171719506382942200e-01,4.035710543394088745e-02
2.921864017844200134e-02,-8.223403245210647583e-02,-1.077017933130264282e-01,2.037038281559944153e-02,-8.921021968126296997e-02,8.704555779695510864e-02,-9.049235284328460693e-02,-2.137202583253383636e-02,-8.870745450258255005e-02,1.089286878705024719e-01
-4.576642997562885284e-03,-5.839411541819572449e-02,-9.214220941066741943e-02,-6.681562215089797974e-02,-7.731923460960388184e-02,1.251779496669769287e-02,-1.106297820806503296e-01,-1.158416718244552612e-01,6.126572377979755402e-03,4.946806281805038452e-02
-3.696091473102569580e-02,1.097113043069839478e-01,8.301557600498199463e-02,3.257984668016433716e-02,-6.208078470081090927e-03,-1.380877103656530380e-02,4.661931097507476807e-02,-3.401962295174598694e-02,5.073992535471916199e-02,-5.431591346859931946e-02
-2.700161747634410858e-02,-1.003755852580070496e-01,1.161823943257331848e-01,-1.072476953268051147e-01,1.131283119320869446e-01,-8.864846825599670410e-02,-5.063297972083091736e-02,4.729156848043203354e-03,-1.157558783888816833e-01,1.357189193367958069e-02
-1.078214403241872787e-02,1.080630943179130554e-01,5.403194576501846313e-02,-2.126740990206599236e-03,4.630994517356157303e-03,2.346611581742763519e-02,-5.091398209333419800e-02,7.034674286842346191e-02,-1.101067215204238892e-01,1.256613731384277344e-01
1.172057017683982849e-01,7.660197094082832336e-03,2.889472618699073792e-02,-5.915854498744010925e-02,-1.044688522815704346e-01,-7.938537746667861938e-03,-1.979560032486915588e-02,-1.190427541732788086e-01,-3.998888656497001648e-02,1.038865558803081512e-02
5.415646731853485107e-02,2.866218984127044678e-02,8.992933481931686401e-02,-1.110963225364685059e-01,-7.191415876150131226e-02,-4.194301087409257889e-03,1.101865395903587341e-01,1.198019310832023621e-01,-7.935712486505508423e-02,-1.154226362705230713e-01
9.840860217809677124e-02,-1.590321026742458344e-02,-4.431459680199623108e-02,-8.641291409730911255e-02,1.295392215251922607e-02,6.831175833940505981e-02,-2.674014307558536530e-02,-1.250778674148023129e-03,-8.069811016321182251e-02,2.563939243555068970e-02
-9.157141298055648804e-02,-1.057289540767669678e-01,-1.204158961772918701e-01,5.494499113410711288e-03,1.182395964860916138e-01,-4.480683431029319763e-02,-1.602599513716995716e-03,-1.708488166332244873e-02,1.070611625909805298e-01,1.054809540510177612e-01
-1.799653470516204834e-02,-2.179148420691490173e-02,-1.130283847451210022e-01,5.384505167603492737e-02,-5.491485074162483215e-02,-7.914783805608749390e-02,6.379195302724838257e-02,5.372487753629684448e-02,-1.151770949363708496e-01,7.281719893217086792e-02
2.664504386484622955e-02,-4.183887317776679993e-02,-7.525538094341754913e-03,-9.501303732395172119e-02,6.706118583679199219e-02,-7.812830060720443726e-02,1.172441989183425903e-01,1.098264083266258240e-01,-8.385226130485534668e-02,-9.609860926866531372e-02
6.631898134946823120e-02,-2.930472977459430695e-02,4.380082339048385620e-02,-1.107546016573905945e-01,-9.209384210407733917e-03,2.739745192229747772e-02,4.419327899813652039e-02,7.211835682392120361e-02,7.305265218019485474e-02,-5.006082355976104736e-02
-2.031110413372516632e-02,-6.398729234933853149e-02,8.073586970567703247e-03,1.060329005122184753e-01,-6.220850045792758465e-04,3.594020381569862366e-02,1.165257841348648071e-01,-1.168674677610397339e-01,7.740434259176254272e-02,4.018703848123550415e-02
-6.327269971370697021e-02,7.806020230054855347e-02,-6.383869051933288574e-02,-6.532523781061172485e-02,-3.937549516558647156e-02,-6.538757588714361191e-03,-1.123651564121246338e-01,1.131163015961647034e-01,9.234686382114887238e-03,7.264287024736404419e-02
-1.037831678986549377e-01,9.235104173421859741e-02,5.337142571806907654e-02,-8.192954212427139282e-02,-7.887627929449081421e-02,-6.201028451323509216e-02,-7.392440736293792725e-02,2.086003497242927551e-02,2.788401208817958832e-02,1.034781262278556824e-01
2.352426946163177490e-02,1.068860888481140137e-01,1.125801578164100647e-01,-1.285560149699449539e-02,-2.625463530421257019e-02,3.343049436807632446e-02,6.564251147210597992e-03,-1.908552087843418121e-02,-1.043406277894973755e-01,6.312385201454162598e-02
1.253558229655027390e-02,4.431179724633693695e-03,2.698350884020328522e-02,-8.473463356494903564e-02,1.035652775317430496e-02,6.296948343515396118e-02,-2.352331578731536865e-02,-7.156801968812942505e-02,-9.392543137073516846e-02,-2.206970006227493286e-02
-2.628947608172893524e-03,9.432683885097503662e-02,7.028948515653610229e-02,-9.613125771284103394e-02,3.266918647568672895e-04,-1.180822327733039856e-01,-8.216787874698638916e-02,1.111905127763748169e-01,-3.366797044873237610e-02,-9.116089344024658203e-02
1.001712381839752197e-01,-2.028767485171556473e-03,-2.350882627069950104e-02,1.128496304154396057e-01,9.071163833141326904e-02,-9.764990769326686859e-03,-2.006241120398044586e-02,-4.959704726934432983e-02,-5.484930425882339478e-02,2.363008633255958557e-02
-7.949957996606826782e-02,-8.961165696382522583e-02,-1.030107662081718445e-01,1.098620221018791199e-01,-1.222090348601341248e-01,7.651516795158386230e-02,-2.760532125830650330e-02,1.070646662265062332e-02,3.904166817665100098e-02,-3.700171411037445068e-02
1.035456061363220215e-01,-6.097924709320068359e-02,-5.307832360267639160e-02,-1.044968739151954651e-01,1.039932444691658020e-01,1.667961850762367249e-02,1.168502569198608398e-01,1.209054440259933472e-01,-1.474671531468629837e-02,4.073083028197288513e-02
-1.209200471639633179e-01,-5.911587923765182495e-02,-9.222553670406341553e-02,-1.653883419930934906e-02,1.136915460228919983e-01,-4.189331084489822388e-02,8.834816515445709229e-02,-5.573759600520133972e-02,1.530668325722217560e-02,-1.028398051857948303e-01
1.044241115450859070e-01,-2.958418987691402435e-02,7.294042501598596573e-03,-8.912775665521621704e-02,-4.431710019707679749e-02,-8.455808460712432861e-02,-1.181991547346115112e-01,1.739474572241306305e-02,-6.656413525342941284e-02,-2.870400808751583099e-02
-5.517264083027839661e-02,-5.406146869063377380e-02,8.552650362253189087e-02,-8.407414890825748444e-03,6.738001853227615356e-02,9.069160372018814087e-02,1.145621910691261292e-01,4.870835319161415100e-02,3.612088039517402649e-02,-2.716434001922607422e-02
3.465576097369194031e-02,-1.312107965350151062e-02,-9.037764370441436768e-02,-1.194949448108673096e-01,9.361045062541961670e-02,8.126634638756513596e-04,4.144626110792160034e-02,-4.139864444732666016e-02,3.292702138423919678e-02,1.135692968964576721e-01
-6.848650425672531128e-02,1.912481710314750671e-02,8.103746920824050903e-02,1.118267551064491272e-01,-1.038367021828889847e-02,-1.098301336169242859e-01,-3.011514432728290558e-02,2.976958826184272766e-02,7.208234816789627075e-02,-6.044539622962474823e-03
-1.179612651467323303e-01,8.913166821002960205e-02,6.345231831073760986e-02,-7.614305615425109863e-02,1.190164536237716675e-01,9.221205115318298340e-02,-1.883814483880996704e-02,6.578951328992843628e-02,-1.243294551968574524e-01,-1.104997284710407257e-02
-7.283019367605447769e-03,-1.410522125661373138e-02,-7.531990855932235718e-02,-5.471339076757431030e-02,-6.211205571889877319e-02,-2.915760315954685211e-02,3.466988354921340942e-02,5.346800386905670166e-02,3.853868320584297180e-02,-1.000691652297973633e-01
1.992572657763957977e-02,7.526386529207229614e-02,3.573609888553619385e-02,3.565265610814094543e-02,-1.511066872626543045e-02,1.007392704486846924e-01,5.528904870152473450e-02,1.563528738915920258e-02,6.401211023330688477e-02,-8.662900887429714203e-03
8.392970263957977295e-02,4.745501279830932617e-02,-7.752612978219985962e-02,-1.477787736803293228e-02,-7.382453978061676025e-02,-8.096946775913238525e-02,3.497021645307540894e-02,-1.705056801438331604e-02,7.002805918455123901e-02,6.197169423103332520e-03
-1.007200628519058228e-01,4.639057815074920654e-02,8.396393060684204102e-02,1.030219793319702148e-01,-6.230600178241729736e-03,-9.249796718358993530e-02,5.269585177302360535e-02,-4.651002213358879089e-02,-1.018433570861816406e-01,-2.724326215684413910e-02
5.064475908875465393e-02,7.025437802076339722e-02,1.177860647439956665e-01,5.952505767345428467e-02,1.825952716171741486e-02,-8.782183378934860229e-02,1.368950027972459793e-02,6.556857842952013016e-03,2.281256020069122314e-02,1.008462682366371155e-01
8.588857948780059814e-02,-3.942244872450828552e-02,7.759273797273635864e-02,6.325883418321609497e-02,6.143145635724067688e-02,-9.993370622396469116e-02,5.068065598607063293e-02,9.983526915311813354e-02,-3.323867917060852051e-02,8.923514932394027710e-02
4.100455716252326965e-02,1.297369506210088730e-02,1.155407875776290894e-01,1.811526529490947723e-02,5.701038613915443420e-02,2.413102239370346069e-02,1.533034257590770721e-02,-7.405961304903030396e-02,-3.232667595148086548e-02,-8.633908815681934357e-03
-8.507291972637176514e-02,-2.937887050211429596e-02,-1.029346063733100891e-01,5.222076550126075745e-02,-9.644483774900436401e-02,-1.040436252951622009e-01,2.464079856872558594e-02,-1.209843009710311890e-01,1.210986599326133728e-01,-3.697272762656211853e-02
-5.506202951073646545e-02,-1.011269167065620422e-02,-4.352799151092767715e-03,9.492017328739166260e-02,-7.281749695539474487e-02,-2.722113020718097687e-02,1.133563816547393799e-01,-2.557418681681156158e-02,-4.843767359852790833e-02,-1.236634422093629837e-02
-6.394129991531372070e-02,7.118781656026840210e-02,-1.080417558550834656e-01,-4.113566502928733826e-02,-5.305115133523941040e-02,5.844497308135032654e-02,9.654316306114196777e-02,-8.044362813234329224e-02,6.183183193206787109e-02,3.324799612164497375e-02
9.179435670375823975e-02,-1.648249663412570953e-02,7.539077848196029663e-02,-9.275491465814411640e-04,8.083656430244445801e-02,1.108839455991983414e-02,-1.158852800726890564e-01,8.821007609367370605e-02,-9.493897855281829834e-02,5.792013928294181824e-02
7.168573141098022461e-02,6.942918896675109863e-02,-2.841855958104133606e-02,9.780446998775005341e-03,-9.804136306047439575e-02,-5.518570542335510254e-02,4.913052543997764587e-02,6.139253824949264526e-02,-5.211408436298370361e-02,9.086013585329055786e-02
6.778925890102982521e-04,-4.767143353819847107e-02,-9.807801991701126099e-02,-7.723021507263183594e-02,6.705262511968612671e-02,-1.129927709698677063e-01,-3.702907636761665344e-02,4.311320930719375610e-02,-9.210597723722457886e-02,1.231107860803604126e-01
9.088053554296493530e-02,-3.988977149128913879e-02,1.130010262131690979e-01,-4.133902490139007568e-02,-1.178574338555335999e-01,-5.396388471126556396e-02,-7.984384894371032715e-02,-1.132396161556243896e-01,-4.836997017264366150e-02,1.170488148927688599e-01
2.751101739704608917e-02,-6.542347371578216553e-02,-1.000796407461166382e-01,5.746570229530334473e-02,-3.461104352027177811e-03,2.629986777901649475e-02,-1.264789104461669922e-01,-1.095607802271842957e-01,5.472861602902412415e-02,1.267978399991989136e-01
-8.786980807781219482e-02,1.027634069323539734e-01,-7.127802353352308273e-03,-9.407627582550048828e-02,-6.547731906175613403e-02,3.733043745160102844e-02,2.586032636463642120e-02,8.945337682962417603e-02,1.074306815862655640e-01,9.885454177856445312e-02
-2.390308305621147156e-02,5.382566154003143311e-02,1.003275215625762939e-01,5.226429551839828491e-02,-1.084289699792861938e-02,-1.149914041161537170e-01,8.262307196855545044e-02,-1.464334782212972641e-03,-7.728990167379379272e-02,-3.454985842108726501e-02
-1.017859554849565029e-03,-9.103574557229876518e-04,-3.191588819026947021e-02,-7.131873071193695068e-02,1.055638864636421204e-01,-1.033986806869506836e-01,-7.603117078542709351e-02,-4.591922089457511902e-02,-8.356027305126190186e-02,2.096342109143733978e-02
4.837981984019279480e-02,8.031351864337921143e-02,2.780030481517314911e-02,1.161585450172424316e-01,-2.098166942596435547e-02,1.144483461976051331e-01,1.040235385298728943e-01,1.207098588347434998e-01,3.237057477235794067e-02,-1.042438000440597534e-01
-9.862843155860900879e-02,1.057042255997657776e-01,-1.169434636831283569e-01,-6.148968636989593506e-02,2.516084164381027222e-02,-1.567320898175239563e-02,-7.110621780157089233e-02,2.467148751020431519e-02,-1.173622757196426392e-01,-8.970130234956741333e-02
1.107920659705996513e-03,5.032194405794143677e-02,1.565609872341156006e-02,1.030355766415596008e-01,-1.194454059004783630e-01,3.800329566001892090e-02,9.162956476211547852e-02,-1.109834462404251099e-01,-3.642814606428146362e-02,3.053865209221839905e-02
-1.227833703160285950e-01,2.775197662413120270e-02,-1.180742159485816956e-01,-7.876763492822647095e-02,5.002910271286964417e-02,-8.478732407093048096e-02,-6.804200261831283569e-02,1.106211766600608826e-01,-2.914177626371383667e-02,-1.214007884263992310e-01
-1.247054114937782288e-01,-7.568595558404922485e-02,-3.939596563577651978e-02,2.204285562038421631e-02,-3.110378421843051910e-02,-9.426295012235641479e-02,-1.067045629024505615e-01,2.259415388107299805e-02,6.733299791812896729e-02,-1.006344854831695557e-01
-6.564303487539291382e-02,7.004905492067337036e-02,-1.151788756251335144e-01,6.771642714738845825e-02,-2.961062127724289894e-03,-9.675147943198680878e-03,-3.586736321449279785e-02,-3.295873850584030151e-02,1.079993508756160736e-02,-1.473808288574218750e-02
-1.031883805990219116e-01,6.645673513412475586e-02,2.017493732273578644e-02,-1.229125037789344788e-01,6.453391909599304199e-02,-3.318658471107482910e-02,-1.673164777457714081e-02,-9.677180647850036621e-02,-5.360243376344442368e-03,-1.215597614645957947e-01
8.077890425920486450e-02,-3.294687345623970032e-02,4.414724558591842651e-02,3.604047000408172607e-02,2.012957353144884109e-03,1.101242378354072571e-02,1.235077977180480957e-01,1.228308677673339844e-01,-4.352615028619766235e-02,-1.687542535364627838e-02
-9.878297895193099976e-02,-1.170664429664611816e-01,-1.067342311143875122e-01,-2.006689459085464478e-02,-1.006439179182052612e-01,-2.343591488897800446e-02,9.821768105030059814e-02,1.153805330395698547e-01,3.315775468945503235e-02,4.072130098938941956e-02
-7.821312546730041504e-02,-2.655144408345222473e-02,-7.358637172728776932e-03,-3.304838761687278748e-02,-4.608238860964775085e-02,2.845888584852218628e-02,5.372994393110275269e-02,-5.317551642656326294e-02,6.752534955739974976e-02,-1.023334488272666931e-01
4.760205745697021484e-02,1.778381317853927612e-02,-1.962421834468841553e-02,5.774083361029624939e-02,-9.678782522678375244e-02,-1.928329840302467346e-02,-4.930010810494422913e-02,2.271452546119689941e-02,2.816849946975708008e-02,-1.779172755777835846e-02
2.529376000165939331e-02,-4.945499822497367859e-02,8.880211412906646729e-02,-7.860221713781356812e-02,4.283073171973228455e-02,5.876706168055534363e-02,3.433657065033912659e-02,1.293546706438064575e-02,9.345972537994384766e-02,-7.617168128490447998e-02
3.821715712547302246e-02,3.098236396908760071e-02,-1.032595857977867126e-01,6.332936882972717285e-02,9.956476837396621704e-02,7.863717526197433472e-02,-4.103644564747810364e-02,-1.015234813094139099e-01,-1.619440317153930664e-02,-1.095470190048217773e-01
-1.141611486673355103e-01,4.311953112483024597e-02,-5.506853014230728149e-02,2.446902729570865631e-02,1.717944443225860596e-02,-1.990324072539806366e-02,-4.808644205331802368e-02,9.047891199588775635e-02,-7.731696218252182007e-02,-5.658217146992683411e-02
-2.691704779863357544e-02,3.169887512922286987e-02,-8.552625030279159546e-02,-1.185867041349411011e-01,-8.752059936523437500e-02,-8.064630627632141113e-02,-7.549840211868286133e-02,-1.317400205880403519e-02,1.208422258496284485e-01,9.573865681886672974e-02
3.292940557003021240e-02,-4.324430227279663086e-02,8.849765360355377197e-02,-6.096229329705238342e-02,-8.051662147045135498e-02,8.555775880813598633e-02,1.032785326242446899e-01,1.010065302252769470e-01,-1.123615652322769165e-01,1.139346137642860413e-01
7.899549789726734161e-03,-1.130517870187759399e-01,8.501146221533417702e-04,5.690293386578559875e-02,4.942455515265464783e-02,1.778709143400192261e-02,-1.266242377460002899e-02,-5.030897259712219238e-02,7.429311424493789673e-02,-9.950261563062667847e-02
-7.319518923759460449e-02,-7.418891787528991699e-02,-1.146355941891670227e-01,4.918253421783447266e-02,-5.361762270331382751e-02,-7.819668948650360107e-02,-9.347203373908996582e-02,6.394670158624649048e-02,-5.438317358493804932e-02,-2.352125383913516998e-02
-6.377650797367095947e-02,-1.733630895614624023e-02,-6.113917008042335510e-02,-1.126808226108551025e-01,-1.141182929277420044e-01,7.039979100227355957e-02,-1.141517013311386108e-01,-8.896106854081153870e-03,-2.480586245656013489e-02,3.538909554481506348e-02
-6.451179087162017822e-02,-1.639427244663238525e-02,-9.019045159220695496e-03,-7.524297386407852173e-02,-1.070433333516120911e-01,1.443954650312662125e-02,9.171425551176071167e-02,3.767623752355575562e-02,-9.593611210584640503e-02,7.820618152618408203e-02
-4.882058128714561462e-02,9.161780774593353271e-02,1.027824450284242630e-02,-9.291260689496994019e-02,-8.323512971401214600e-02,-7.091225683689117432e-02,-4.424070566892623901e-02,7.473272853530943394e-04,-4.630190785974264145e-03,9.977119415998458862e-02
6.256140302866697311e-03,1.052811462432146072e-02,8.160649985074996948e-02,-3.707820549607276917e-02,-7.764908671379089355e-02,4.150386899709701538e-02,-1.951219886541366577e-02,-1.021725758910179138e-01,-2.017616853117942810e-02,-2.375898696482181549e-02
-1.682682335376739502e-02,-9.067935496568679810e-02,7.536067161709070206e-03,-9.593683481216430664e-02,-7.986904121935367584e-03,-1.176545694470405579e-01,-3.764017671346664429e-02,8.860535174608230591e-02,8.333729952573776245e-02,-1.181528493762016296e-01
5.931874737143516541e-02,5.418739467859268188e-02,1.177579984068870544e-01,4.779584705829620361e-02,-1.030528638511896133e-02,9.824633598327636719e-02,2.479037269949913025e-02,-1.044333428144454956e-01,-1.895372010767459869e-02,1.020887568593025208e-01
1.128832325339317322e-01,-4.842295870184898376e-02,4.693796485662460327e-02,1.823618821799755096e-02,7.836197316646575928e-02,6.003967300057411194e-02,-1.183184832334518433e-01,-5.175518244504928589e-02,-7.937315106391906738e-02,8.685906976461410522e-02
-2.635600417852401733e-02,5.007780622690916061e-03,1.219563838094472885e-02,1.159175634384155273e-01,-9.003828465938568115e-02,-1.014261990785598755e-01,-2.872186154127120972e-02,6.703439354896545410e-02,7.019086182117462158e-02,6.136920303106307983e-02
-7.929597795009613037e-02,-1.118554547429084778e-01,2.098151296377182007e-02,-6.486850976943969727e-02,2.113281376659870148e-02,6.343288719654083252e-02,-7.655716687440872192e-02,-1.407535374164581299e-02,-6.280026584863662720e-02,-1.095155104994773865e-01
2.993979863822460175e-02,-7.823894917964935303e-02,-4.663504660129547119e-02,3.440961986780166626e-02,-3.706721961498260498e-02,8.227881044149398804e-02,1.106593683362007141e-01,2.092834375798702240e-02,1.014668419957160950e-01,5.719209834933280945e-02
-1.090431734919548035e-01,6.647244095802307129e-02,1.215122863650321960e-01,2.607910893857479095e-03,-8.354033529758453369e-02,-3.381061134859919548e-03,7.041101343929767609e-03,-1.674154214560985565e-02,-7.451772689819335938e-02,9.357704780995845795e-03
-2.317129261791706085e-02,-4.833504557609558105e-02,-1.061484888195991516e-01,7.433816045522689819e-02,2.270832657814025879e-02,-1.880899071693420410e-02,-1.170569285750389099e-01,5.170032009482383728e-02,8.872919529676437378e-02,-2.977902814745903015e-02
-5.783804226666688919e-03,9.578278660774230957e-02,1.096972972154617310e-01,7.164290547370910645e-02,6.652786582708358765e-02,-7.905069738626480103e-03,-9.243313968181610107e-02,-6.973141431808471680e-02,3.456136584281921387e-02,7.127069681882858276e-02
1.109145507216453552e-01,9.206503629684448242e-02,-2.491902746260166168e-02,7.022012025117874146e-02,-9.480065852403640747e-02,1.078447252511978149e-01,-6.447891891002655029e-02,-1.180170103907585144e-01,-1.190945804119110107e-01,-6.428909301757812500e-02
1.204605549573898315e-01,7.972783595323562622e-02,-2.257469110190868378e-02,-3.813658654689788818e-02,2.697493508458137512e-02,1.049465313553810120e-01,-1.146267168223857880e-02,-9.139501303434371948e-02,8.498091250658035278e-02,2.174875140190124512e-02
-4.354809597134590149e-02,-1.034661158919334412e-01,-4.612448439002037048e-02,1.521206926554441452e-03,-1.005653291940689087e-01,6.454282253980636597e-02,1.741645857691764832e-03,2.659485675394535065e-02,4.421085491776466370e-02,-7.111675292253494263e-02
5.784956738352775574e-02,5.978167802095413208e-02,1.875167340040206909e-02,5.004275590181350708e-02,-8.095600455999374390e-02,-1.184134259819984436e-01,1.575861684978008270e-02,8.308681845664978027e-02,-6.667613238096237183e-02,-3.048721235245466232e-03
1.157053187489509583e-02,1.097546741366386414e-01,4.247961565852165222e-02,-1.227526739239692688e-01,9.331634640693664551e-02,1.054315865039825439e-01,-1.156856212764978409e-02,-1.175083685666322708e-02,-7.058055698871612549e-02,-2.891277708113193512e-02
-3.523725643754005432e-02,5.471226200461387634e-02,7.196377962827682495e-02,1.701718010008335114e-02,7.556061726063489914e-03,7.455585151910781860e-02,-3.217638283967971802e-02,2.263845875859260559e-02,-4.298135265707969666e-02,-1.141850724816322327e-01
6.832227855920791626e-02,-1.052892506122589111e-01,1.107881441712379456e-01,-4.099144786596298218e-02,7.061919569969177246e-02,-1.349581312388181686e-02,8.623100072145462036e-02,1.142813563346862793e-01,-9.396377950906753540e-03,-6.462773680686950684e-02
-1.219575926661491394e-01,6.050109863281250000e-02,-3.954641055315732956e-03,-1.092264950275421143e-01,9.413668513298034668e-02,8.754001557826995850e-02,-4.353029280900955200e-02,-1.104591712355613708e-01,1.695591211318969727e-02,-2.785965614020824432e-02
-4.597713053226470947e-02,-8.194752782583236694e-02,1.853233948349952698e-02,5.678578093647956848e-02,-1.151680201292037964e-01,4.885523021221160889e-02,-3.648082166910171509e-02,6.344045698642730713e-02,1.074188351631164551e-01,-1.027954220771789551e-01
-3.296944126486778259e-02,9.670864790678024292e-02,1.843837276101112366e-02,5.286012962460517883e-02,8.887303620576858521e-02,1.105146929621696472e-01,1.498677302151918411e-02,-3.639141097664833069e-02,5.781225860118865967e-02,-7.153321057558059692e-02
1.052496358752250671e-01,-9.923284873366355896e-03,9.296082705259323120e-02,-1.236984535353258252e-04,7.846384495496749878e-02,-5.761489272117614746e-03,-9.109741449356079102e-02,-4.184809327125549316e-02,-3.409944707527756691e-03,7.475261390209197998e-02
1.131738498806953430e-01,-4.483608528971672058e-02,-1.225788965821266174e-01,8.641652762889862061e-02,-3.212818130850791931e-02,-8.364237844944000244e-02,2.540621347725391388e-02,-3.261092305183410645e-02,6.523916870355606079e-02,-1.773780025541782379e-02
3.698292002081871033e-02,6.466588377952575684e-02,-6.116148084402084351e-02,-1.087149903178215027e-01,4.246228560805320740e-02,-3.771661315113306046e-03,-1.142278388142585754e-01,4.204377532005310059e-02,-2.296830900013446808e-02,1.143618077039718628e-01
-3.464509919285774231e-02,-4.489939287304878235e-02,-8.811493217945098877e-02,1.999159902334213257e-02,-1.491387467831373215e-02,-7.247197628021240234e-02,2.963520959019660950e-02,2.981045283377170563e-03,-6.375470757484436035e-02,1.142350956797599792e-02
-8.431676030158996582e-02,-7.439770549535751343e-02,-1.153360009193420410e-01,-1.831348240375518799e-02,-6.335229426622390747e-02,-5.977665260434150696e-02,7.759863138198852539e-02,-5.399195477366447449e-02,9.987112134695053101e-02,8.634787797927856445e-02
6.156780198216438293e-02,4.368690028786659241e-02,2.387108840048313141e-02,1.068521812558174133e-01,6.390968803316354752e-03,-1.188718900084495544e-01,-7.690715789794921875e-02,-2.931692637503147125e-02,-5.645538493990898132e-02,-4.621027037501335144e-02
4.932865127921104431e-02,8.319033682346343994e-02,3.565937280654907227e-02,1.108418256044387817e-01,-1.211941912770271301e-01,1.146750748157501221e-01,-1.704640872776508331e-02,-4.158207401633262634e-02,9.533173590898513794e-02,-4.146123304963111877e-02
1.195519790053367615e-02,-8.710498921573162079e-03,-9.375570714473724365e-02,-6.495933234691619873e-02,-5.533522367477416992e-02,-9.264743328094482422e-02,5.032425373792648315e-02,1.118144020438194275e-01,-7.124835997819900513e-02,6.088430434465408325e-02
-3.519381582736968994e-02,-6.646360456943511963e-02,-8.324249833822250366e-02,6.333923339843750000e-02,7.741447538137435913e-02,-1.142547056078910828e-01,-7.475777715444564819e-02,-3.712476789951324463e-02,2.739806659519672394e-02,2.104504033923149109e-02
-2.313611842691898346e-02,-3.568828105926513672e-02,4.830682184547185898e-03,-4.293784871697425842e-02,-9.441898763179779053e-02,9.990911930799484253e-02,-2.307717921212315559e-03,9.300810284912586212e-03,-7.697974145412445068e-02,8.455031365156173706e-02
-6.533680111169815063e-02,-1.015791743993759155e-01,1.253318134695291519e-02,-9.354410320520401001e-02,2.984463423490524292e-02,-3.832708671689033508e-02,-1.036109626293182373e-01,1.385635137557983398e-02,-8.700491487979888916e-02,3.058269992470741272e-02
4.601928964257240295e-02,-9.247234463691711426e-02,-1.208542287349700928e-01,1.586646959185600281e-02,-2.109543792903423309e-02,-9.439021348953247070e-02,-1.077534854412078857e-01,8.338336646556854248e-02,1.055706441402435303e-01,6.942465901374816895e-02
-8.725737035274505615e-02,6.569328904151916504e-02,-1.844366267323493958e-02,-4.412076249718666077e-02,8.994702994823455811e-02,-1.193524822592735291e-01,1.030847132205963135e-01,-1.201161220669746399e-01,3.887213394045829773e-02,-1.156901661306619644e-02
1.685590296983718872e-02,1.594135537743568420e-02,-6.499008089303970337e-02,1.138212457299232483e-01,-9.948861598968505859e-02,-6.505991518497467041e-02,1.204233616590499878e-01,1.063000410795211792e-01,1.181665137410163879e-01,-6.425693631172180176e-02
4.452050477266311646e-02,3.129263594746589661e-02,-1.660977303981781006e-02,-4.890826717019081116e-02,-9.316975623369216919e-02,-5.116325803101062775e-03,1.039342582225799561e-01,6.682717055082321167e-02,-3.764113411307334900e-02,7.308318465948104858e-02
-2.865111641585826874e-02,-7.483634352684020996e-02,-1.139374971389770508e-01,2.724552154541015625e-02,-4.359443858265876770e-02,8.438768982887268066e-02,4.021764546632766724e-02,7.392959669232368469e-03,-3.909587860107421875e-02,4.149060323834419250e-02
3.935905918478965759e-02,-7.381436973810195923e-02,-1.109540462493896484e-01,-3.949348255991935730e-02,9.077743440866470337e-02,-7.467268407344818115e-02,-4.493013396859169006e-02,2.037381567060947418e-02,7.139686495065689087e-04,-1.576951146125793457e-02
9.071478247642517090e-02,1.091725379228591919e-01,1.259460579603910446e-02,-1.038946881890296936e-01,-4.099384695291519165e-02,1.034980192780494690e-01,-1.913005858659744263e-02,-4.420815780758857727e-02,-2.780521661043167114e-02,1.144765913486480713e-01
9.029066190123558044e-03,5.776308104395866394e-02,-9.508207440376281738e-02,1.088185012340545654e-01,-7.960502803325653076e-02,-5.465021729469299316e-02,-5.526715423911809921e-03,-4.907213151454925537e-02,-9.522725641727447510e-02,1.178951635956764221e-01
-1.928521669469773769e-03,8.136181533336639404e-02,-1.152879819273948669e-01,-8.932291716337203979e-02,3.607690706849098206e-02,-4.683901555836200714e-03,-3.625369817018508911e-02,9.167894721031188965e-02,8.376596122980117798e-02,-1.188094913959503174e-01
1.132330745458602905e-01,-1.150018349289894104e-01,-2.240756340324878693e-02,8.530752360820770264e-02,-5.791675671935081482e-02,-1.193461194634437561e-01,2.609033323824405670e-02,-7.918317615985870361e-02,-4.217160120606422424e-02,-5.890394374728202820e-02
7.030276954174041748e-02,-5.316047463566064835e-03,4.143255203962326050e-02,-1.390070747584104538e-02,5.580436065793037415e-02,-9.509912133216857910e-02,2.864794433116912842e-02,1.204848438501358032e-01,9.781126677989959717e-02,1.166641041636466980e-01
-4.673640802502632141e-02,-7.667919993400573730e-02,-5.095926299691200256e-02,-6.978765875101089478e-02,-7.143093645572662354e-02,6.860694289207458496e-02,1.031248047947883606e-01,-1.592604443430900574e-02,-7.049941271543502808e-02,-7.308871485292911530e-03
3.241493552923202515e-02,1.038956791162490845e-01,1.143686249852180481e-01,-4.498977959156036377e-02,1.471053436398506165e-02,5.984473507851362228e-03,-1.166485622525215149e-01,7.711785845458507538e-03,-1.094118878245353699e-01,6.814751774072647095e-03
1.091316901147365570e-02,-9.362111240625381470e-02,5.493446439504623413e-02,7.300972938537597656e-02,2.186142280697822571e-02,-6.126720830798149109e-02,-3.561003133654594421e-03,8.537738770246505737e-02,9.126426279544830322e-02,1.529297046363353729e-02
-2.445134567096829414e-03,8.776552975177764893e-02,-2.388611435890197754e-02,-1.062735319137573242e-01,3.276097401976585388e-02,5.736911296844482422e-02,-2.576135098934173584e-02,-9.296361356973648071e-02,-3.237581625580787659e-02,-5.684781074523925781e-02
3.787015378475189209e-02,-2.048240788280963898e-02,-1.206346228718757629e-01,1.012022793292999268e-01,1.083166226744651794e-01,-9.353134036064147949e-02,4.124216362833976746e-02,-5.428100377321243286e-02,-2.514915307983756065e-03,6.782333366572856903e-03
-4.291053116321563721e-02,-8.874961733818054199e-02,1.794974133372306824e-02,4.929147660732269287e-02,1.972407288849353790e-02,2.373388409614562988e-02,1.911363378167152405e-02,-6.027557328343391418e-02,-9.905585646629333496e-02,8.260319940745830536e-03
6.940662860870361328e-02,5.518565699458122253e-02,4.933081194758415222e-02,6.511924415826797485e-02,8.116038516163825989e-03,1.092275157570838928e-01,6.633694469928741455e-02,-1.037885025143623352e-01,-2.022478729486465454e-02,1.093445718288421631e-01
-6.286169588565826416e-02,-8.142358809709548950e-02,-3.737619146704673767e-02,-5.891206488013267517e-02,1.672997698187828064e-02,-5.069723352789878845e-02,3.608860448002815247e-02,1.196785420179367065e-01,6.575781852006912231e-02,7.574218511581420898e-02
-1.096725463867187500e-01,-7.220149040222167969e-03,-7.577483355998992920e-02,7.074274867773056030e-02,-1.863962784409523010e-02,1.249593570828437805e-01,1.015589684247970581e-01,2.202357398346066475e-03,5.745375528931617737e-02,1.130591556429862976e-01
-6.162172183394432068e-02,-5.397250875830650330e-02,5.740482732653617859e-02,-6.183455511927604675e-02,-2.367599494755268097e-02,-3.551085293292999268e-02,3.041804209351539612e-02,-1.033801957964897156e-01,-3.993996977806091309e-02,7.604169100522994995e-02
3.789191693067550659e-02,5.811829119920730591e-03,-1.274064928293228149e-02,2.095150202512741089e-02,4.408765584230422974e-02,-4.643303155899047852e-02,4.611361399292945862e-02,-8.816199004650115967e-02,1.097965538501739502e-01,6.459357589483261108e-02
-1.213808823376893997e-02,-1.631461642682552338e-02,-1.414461340755224228e-02,3.362586349248886108e-02,-3.460099222138524055e-03,-3.800562396645545959e-02,6.301998347043991089e-02,5.471214279532432556e-02,-6.505243945866823196e-03,-2.588631585240364075e-02
-8.801079541444778442e-02,-1.361761614680290222e-02,-1.416029781103134155e-02,3.384988754987716675e-02,9.514426440000534058e-02,2.050875499844551086e-02,6.660754233598709106e-02,-7.340459525585174561e-02,-9.924300760030746460e-02,1.497837807983160019e-02
-1.291153859347105026e-02,-6.574975699186325073e-02,-2.067541889846324921e-02,5.223696585744619370e-03,3.603237867355346680e-02,-7.117586582899093628e-02,6.263650208711624146e-02,1.090841293334960938e-01,1.026304140686988831e-01,-2.869995124638080597e-02
-1.110891699790954590e-01,1.348493900150060654e-02,-3.914168104529380798e-02,-4.283649101853370667e-02,-4.234171286225318909e-02,-1.069817021489143372e-01,1.039600297808647156e-01,-9.335362166166305542e-02,1.173443123698234558e-01,-9.739671647548675537e-02
4.479068145155906677e-02,2.422138117253780365e-02,5.070497468113899231e-02,-3.417401760816574097e-02,-5.627996847033500671e-02,-1.576459617353975773e-03,5.627409089356660843e-03,-5.851003155112266541e-02,-4.506058618426322937e-02,-1.115173939615488052e-02
-5.217378586530685425e-02,6.839383393526077271e-02,-3.780328854918479919e-02,-1.307827234268188477e-02,1.069455072283744812e-01,8.618373423814773560e-02,7.786663621664047241e-02,-6.938170641660690308e-02,6.965556181967258453e-03,7.276048511266708374e-02
-1.784464344382286072e-02,-8.328677713871002197e-02,5.446016043424606323e-02,-9.846219420433044434e-02,-5.980721861124038696e-02,-6.063895672559738159e-02,-6.369262933731079102e-02,4.541544243693351746e-02,-7.572987116873264313e-03,-6.430884450674057007e-02
-1.084918007254600525e-01,1.080057695508003235e-01,-1.219175830483436584e-01,8.358485251665115356e-02,-5.258740484714508057e-02,-9.863901883363723755e-02,-1.059194728732109070e-01,-3.161950409412384033e-02,8.682300150394439697e-02,-5.085596814751625061e-02
-1.205077841877937317e-01,4.698410630226135254e-03,2.141184173524379730e-03,-4.248315095901489258e-02,4.770720750093460083e-02,-6.752085685729980469e-02,-4.379501566290855408e-02,1.347177475690841675e-02,-1.066998913884162903e-01,6.019711960107088089e-03
5.723683163523674011e-02,-8.429028093814849854e-02,7.103723287582397461e-02,-1.253426540642976761e-02,7.366965711116790771e-02,6.119502708315849304e-02,1.566467247903347015e-02,4.726507887244224548e-02,-8.518961258232593536e-04,-8.786775916814804077e-02
-1.200255006551742554e-01,6.455354392528533936e-02,-1.378831360489130020e-02,-3.372212406247854233e-03,2.440904965624213219e-03,7.527571637183427811e-03,3.380712866783142090e-02,1.862049475312232971e-02,8.804082125425338745e-02,-1.595798507332801819e-02
1.002051085233688354e-01,7.599805295467376709e-02,1.838886365294456482e-02,9.842278063297271729e-02,-4.854328930377960205e-02,7.823912799358367920e-02,1.087935045361518860e-01,-9.068863466382026672e-03,-4.004025086760520935e-02,6.342595070600509644e-02
-6.080621108412742615e-02,-1.062774881720542908e-01,-1.289207115769386292e-02,-7.465296238660812378e-02,6.873553246259689331e-02,-1.112864613533020020e-01,-1.089845374226570129e-01,1.202421933412551880e-01,1.194204315543174744e-01,9.186694771051406860e-02
-7.763554155826568604e-02,1.458634715527296066e-02,-6.914752721786499023e-02,1.243007406592369080e-01,-3.822535276412963867e-02,1.141019016504287720e-01,-3.811774775385856628e-02,-2.660687267780303955e-02,7.122855633497238159e-02,9.135541506111621857e-03
-1.175044998526573181e-01,-7.524732500314712524e-02,-6.170559674501419067e-02,-5.261079594492912292e-02,-2.716181054711341858e-02,-1.378550101071596146e-02,2.325034141540527344e-02,1.205109506845474243e-01,-7.916463166475296021e-02,5.357347801327705383e-02
-9.764900058507919312e-02,-6.121657043695449829e-02,6.539716571569442749e-02,-1.233171764761209488e-02,-7.316301763057708740e-02,2.756036585196852684e-03,-1.314185373485088348e-02,8.820992708206176758e-02,-3.296500816941261292e-02,3.191773965954780579e-02
5.322760716080665588e-02,1.212237961590290070e-02,-1.196727976202964783e-01,-1.005365177989006042e-01,-3.975767269730567932e-02,3.783870860934257507e-02,-9.195338189601898193e-02,8.856178820133209229e-02,-1.205395087599754333e-01,-9.619301557540893555e-02
7.097800821065902710e-02,-1.160101518034934998e-01,9.598005563020706177e-02,1.144587174057960510e-01,-3.049513883888721466e-02,-1.390004809945821762e-02,2.469294331967830658e-02,-3.598820418119430542e-02,-3.529514744877815247e-02,-1.054657995700836182e-01
-7.353197783231735229e-02,-2.516132080927491188e-03,1.103436648845672607e-01,1.150384694337844849e-01,-2.821015752851963043e-02,-9.492003917694091797e-02,1.169088110327720642e-02,-1.138521134853363037e-01,1.038021221756935120e-01,-1.191099137067794800e-01
1.257391832768917084e-02,9.860621392726898193e-02,-4.011654108762741089e-02,-1.209242194890975952e-01,-8.899577707052230835e-02,-3.030914254486560822e-02,1.151750013232231140e-01,-9.720745496451854706e-03,-5.129120126366615295e-02,-9.029308333992958069e-03
-8.138353005051612854e-03,-1.958098635077476501e-02,-3.371233865618705750e-02,6.938882917165756226e-02,-3.661989758256822824e-04,1.032884120941162109e-01,-1.038306951522827148e-01,3.329143300652503967e-02,8.769105374813079834e-02,-2.651892043650150299e-02
5.584995821118354797e-02,-2.049930207431316376e-02,6.353876739740371704e-02,3.694150596857070923e-02,7.707566022872924805e-02,-9.893242269754409790e-02,1.010727286338806152e-01,4.993770271539688110e-02,1.151560060679912567e-02,-1.276980247348546982e-02
-1.015611141920089722e-01,5.354482308030128479e-02,-9.284657239913940430e-02,-3.811581060290336609e-02,3.842849656939506531e-02,5.672110710293054581e-03,3.828099370002746582e-02,2.850082516670227051e-02,9.712107479572296143e-02,-4.662041738629341125e-02
-1.809048280119895935e-02,5.543481186032295227e-02,-5.782758072018623352e-02,1.101882196962833405e-02,3.114895522594451904e-02,1.166989952325820923e-01,6.313553452491760254e-02,9.556512348353862762e-03,-5.583023652434349060e-02,-8.807642012834548950e-02
-9.292475879192352295e-02,-3.186495229601860046e-02,6.882122904062271118e-02,8.003407716751098633e-02,-1.000661328434944153e-01,7.856764644384384155e-02,-9.733956307172775269e-02,2.795393578708171844e-02,2.213120274245738983e-02,-1.175206899642944336e-01
1.609449274837970734e-02,-5.737520754337310791e-02,-9.285563230514526367e-02,-9.612128138542175293e-02,9.973993897438049316e-02,-1.227825805544853210e-01,-2.530891634523868561e-02,5.134592577815055847e-02,-6.812807172536849976e-02,-2.647421322762966156e-02
-6.100545823574066162e-02,1.106973737478256226e-02,-9.005083143711090088e-02,6.358233094215393066e-02,-8.648238331079483032e-02,9.934223443269729614e-02,-1.157981306314468384e-01,1.281529385596513748e-02,-1.017149910330772400e-01,-3.611055761575698853e-02
1.105544865131378174e-01,-3.511041402816772461e-02,4.295810312032699585e-02,4.371794313192367554e-02,7.477060705423355103e-02,1.111480444669723511e-01,-3.058524802327156067e-02,-8.352166414260864258e-02,4.992561414837837219e-02,-2.607668377459049225e-02
8.162238448858261108e-02,9.077988564968109131e-02,-5.322534963488578796e-02,-8.639398962259292603e-02,5.025369580835103989e-03,9.078663773834705353e-03,-7.706555724143981934e-02,5.964756384491920471e-02,-5.293252691626548767e-02,2.983320318162441254e-02
1.142401546239852905e-01,7.338526844978332520e-02,2.366832830011844635e-02,9.784544259309768677e-02,-4.507466685026884079e-03,7.487916946411132812e-02,-1.885583251714706421e-02,2.177943661808967590e-02,-1.028082147240638733e-01,1.185600608587265015e-01
-1.072487309575080872e-01,1.056328788399696350e-01,-6.926466524600982666e-02,-3.871695697307586670e-02,-3.710757941007614136e-02,9.315916150808334351e-02,-1.060265377163887024e-01,-8.981584012508392334e-02,6.575597822666168213e-02,-1.065554246306419373e-01
1.875380240380764008e-02,-1.035972237586975098e-01,1.041360050439834595e-01,-5.334109440445899963e-02,-5.885874852538108826e-02,8.755488693714141846e-02,-1.059151962399482727e-01,-9.478224068880081177e-02,9.554654359817504883e-02,-1.080131903290748596e-02
-5.159218236804008484e-02,-7.331494241952896118e-02,9.631954133510589600e-02,-8.915090560913085938e-02,-9.016264230012893677e-02,-1.169669032096862793e-01,-5.340247973799705505e-02,8.411072939634323120e-02,-2.639562077820301056e-02,-7.503744214773178101e-02
1.365288440138101578e-02,-1.063520833849906921e-01,9.574964642524719238e-02,5.048123002052307129e-02,-3.441758453845977783e-02,4.205249249935150146e-02,9.688242524862289429e-02,1.911536045372486115e-02,-9.185061603784561157e-02,-1.626480254344642162e-03
1.096139661967754364e-02,4.966891836374998093e-03,-7.911157608032226562e-02,7.452240586280822754e-02,-1.176189929246902466e-01,-8.053588122129440308e-02,1.128105446696281433e-01,-5.699307471513748169e-02,4.695593938231468201e-02,3.152839094400405884e-02
1.042994903400540352e-03,2.615096047520637512e-03,-9.545535594224929810e-02,-7.550423499196767807e-03,5.289762467145919800e-02,-1.205710768699645996e-01,3.988246992230415344e-02,7.045464217662811279e-02,8.833304792642593384e-02,-1.059892624616622925e-01
-9.467728435993194580e-02,-1.036520004272460938e-01,9.643945842981338501e-03,-1.916179992258548737e-02,4.271941259503364563e-02,-1.417726371437311172e-02,-9.237576276063919067e-02,-1.141681447625160217e-01,7.108714431524276733e-02,-9.750021994113922119e-02
2.203408069908618927e-02,-1.716192066669464111e-02,-6.305139511823654175e-02,7.774715311825275421e-03,-9.712979197502136230e-02,-6.776970624923706055e-02,1.259014457464218140e-01,-2.629739604890346527e-02,-9.051011502742767334e-02,8.585656434297561646e-02
-9.203609079122543335e-03,1.131296977400779724e-01,-9.878255426883697510e-02,1.026756614446640015e-01,-2.059960551559925079e-02,-1.186478435993194580e-01,8.300263434648513794e-02,2.024496532976627350e-02,-1.195464432239532471e-01,-1.037586852908134460e-01
-8.278429508209228516e-02,1.142549663782119751e-01,-5.726750940084457397e-02,6.602875143289566040e-02,-5.014847964048385620e-02,6.621542386710643768e-03,1.561320386826992035e-02,-5.257780104875564575e-02,-1.050694733858108521e-01,-2.799688605591654778e-03
1.111449152231216431e-01,9.259217977523803711e-02,2.933572046458721161e-02,-1.077142506837844849e-01,8.233880996704101562e-02,-9.462270885705947876e-02,2.584706433117389679e-02,2.430692128837108612e-02,-1.063876450061798096e-01,1.213778033852577209e-01
-6.751681119203567505e-02,1.079418361186981201e-01,-1.195195987820625305e-01,-8.463723957538604736e-02,-5.626153945922851562e-02,-9.946493059396743774e-02,-5.758647993206977844e-02,-3.453031927347183228e-02,1.056337952613830566e-01,9.150193631649017334e-02
-9.985812008380889893e-02,-7.282440364360809326e-02,-4.134406149387359619e-02,-1.074141785502433777e-01,3.250779211521148682e-02,-4.818705841898918152e-02,-7.428989280015230179e-03,5.221348255872726440e-02,7.989648729562759399e-02,1.005431711673736572e-01
3.157407417893409729e-02,1.258317977190017700e-01,-4.110589250922203064e-02,3.198157250881195068e-02,1.088870987296104431e-01,1.210778728127479553e-01,4.675343260169029236e-02,-9.381184354424476624e-03,3.749760240316390991e-02,-5.092579126358032227e-02
-8.855410665273666382e-02,1.153936907649040222e-01,-2.996682189404964447e-02,8.995886147022247314e-02,-2.018939703702926636e-02,-4.698378592729568481e-02,1.830369606614112854e-02,-7.609248906373977661e-02,8.773070573806762695e-02,-2.424489706754684448e-02
9.262259304523468018e-02,6.991838105022907257e-03,1.158530637621879578e-01,-8.238246291875839233e-02,-1.198146790266036987e-01,-2.913362160325050354e-02,-4.409604519605636597e-02,9.724413976073265076e-03,-6.564898043870925903e-02,5.254567041993141174e-02
-3.279584273695945740e-02,1.083651706576347351e-01,-3.623702004551887512e-02,7.707903534173965454e-02,-8.873159438371658325e-02,8.368007838726043701e-02,7.009125500917434692e-02,-2.151123248040676117e-02,1.049548089504241943e-01,8.651046454906463623e-02
-8.602657169103622437e-02,7.340145111083984375e-02,-9.674200415611267090e-02,-7.513870298862457275e-02,6.224737688899040222e-02,6.750912964344024658e-02,-1.207452714443206787e-01,6.034974753856658936e-02,2.670911699533462524e-02,-6.562474370002746582e-02
-7.719452679157257080e-02,-1.009141802787780762e-01,-9.352976083755493164e-02,-1.991652883589267731e-03,2.719222195446491241e-02,-6.820482015609741211e-02,-6.890367716550827026e-02,-5.262853950262069702e-02,-1.051073968410491943e-01,-8.226984739303588867e-02
2.320113405585289001e-02,2.747229533270001411e-03,3.070375323295593262e-02,-4.276109486818313599e-02,-9.582363069057464600e-02,-6.838780641555786133e-02,-6.470913439989089966e-02,-4.697189107537269592e-02,7.643146812915802002e-02,7.663167268037796021e-02
6.588608026504516602e-03,4.207729175686836243e-02,9.668137878179550171e-02,-4.129584878683090210e-02,-8.924066275358200073e-02,1.041051000356674194e-01,-1.150887459516525269e-01,-8.778613805770874023e-02,5.064690485596656799e-02,-7.188901305198669434e-02
7.386644184589385986e-02,-1.833023130893707275e-02,-3.459895774722099304e-02,1.017603427171707153e-01,1.089454516768455505e-01,-7.296779751777648926e-02,7.204291224479675293e-02,1.187621206045150757e-01,3.460449725389480591e-02,8.217245340347290039e-02
5.755081027746200562e-02,-1.136599332094192505e-01,1.179400235414505005e-01,-1.846147142350673676e-02,-2.901622559875249863e-03,2.043455652892589569e-02,7.417225092649459839e-02,-5.408662185072898865e-02,9.378235787153244019e-02,1.236752886325120926e-02
